ID_IEK,FamilyTypeName,ADSK_Наименование,ADSK_Код изделия,Размер,Высота,Ширина,Длина,ADSK_Завод-изготовитель,ADSK_Единица измерения,Цена,ADSK_Масса_Текст,Mode,Длина изделия
#504010201017,IEK_PF_Лоток перфорированный DEFAULT_L=3000,"Лоток перфорированный 35х50х3000, 0,7мм",CLP10-035-050-070-3,35х50х3000,35,50,3000,IEK,м,175.6725,-,OS,3
#504010201018,IEK_PF_Лоток перфорированный DEFAULT_L=3000,"Лоток перфорированный 35х100х3000, 0,7мм",CLP10-035-100-070-3,35х100х3000,35,100,3000,IEK,м,210.315,-,OS,3
#504010201019,IEK_PF_Лоток перфорированный DEFAULT_L=3000,"Лоток перфорированный 35х150х3000, 0,7мм",CLP10-035-150-070-3,35х150х3000,35,150,3000,IEK,м,272.2425,-,OS,3
#504010201020,IEK_PF_Лоток перфорированный DEFAULT_L=3000,"Лоток перфорированный 35х200х3000, 0,7мм",CLP10-035-200-070-3,35х200х3000,35,200,3000,IEK,м,305.4075,-,OS,3
#504010201021,IEK_PF_Лоток перфорированный DEFAULT_L=3000,"Лоток перфорированный 35х300х3000, 0,8мм",CLP10-035-300-080-3,35х300х3000,35,300,3000,IEK,м,325.5,-,OS,3
#504010201022,IEK_PF_Лоток перфорированный DEFAULT_L=3000,Лоток перфорированный 50х50х3000 ИЭК,CLP10-050-050-3,50х50х3000 ,50,50,3000,IEK,м,160.6125,-,OS,3
#504010201023,IEK_PF_Лоток перфорированный DEFAULT_L=3000,Лоток перфорированный 50х100х3000 ИЭК,CLP10-050-100-3,50х100х3000,50,100,3000,IEK,м,205.11,-,OS,3
#504010201024,IEK_PF_Лоток перфорированный DEFAULT_L=3000,Лоток перфорированный 50х150х3000 ИЭК,CLP10-050-150-3,50х150х3000,50,150,3000,IEK,м,240,-,OS,3
#504010201025,IEK_PF_Лоток перфорированный DEFAULT_L=3000,Лоток перфорированный 50х200х3000 ИЭК,CLP10-050-200-3,50х200х3000,50,200,3000,IEK,м,296.0625,-,OS,3
#504010201026,IEK_PF_Лоток перфорированный DEFAULT_L=3000,Лоток перфорированный 50х300х3000 ИЭК,CLP10-050-300-3,50х300х3000,50,300,3000,IEK,м,354.315,-,OS,3
#504010201027,IEK_PF_Лоток перфорированный DEFAULT_L=3000,Лоток перфорированный 50х400х3000 ИЭК,CLP10-050-400-3,50х400х3000,50,400,3000,IEK,м,585.3825,-,OS,3
#504010201028,IEK_PF_Лоток перфорированный DEFAULT_L=3000,Лоток перфорированный 50х500х3000 ИЭК,CLP10-050-500-3,50х500х3000,50,500,3000,IEK,м,739.155,-,OS,3
#504010201029,IEK_PF_Лоток перфорированный DEFAULT_L=3000,Лоток перфорированный 50х600х3000 IEK,CLP10-050-600-3,50х600х3000,50,600,3000,IEK,м,954.1575,-,OS,3
#504010201030,IEK_PF_Лоток перфорированный DEFAULT_L=3000,Лоток перфорированный 80х80х3000 ИЭК,CLP10-080-080-3,80х80х3000 ,80,80,3000,IEK,м,276.435,-,OS,3
#504010201031,IEK_PF_Лоток перфорированный DEFAULT_L=3000,Лоток перфорированный 80х100х3000 ИЭК,CLP10-080-100-3,80х100х3000,80,100,3000,IEK,м,333.5625,-,OS,3
#504010201032,IEK_PF_Лоток перфорированный DEFAULT_L=3000,Лоток перфорированный 80х150х3000 ИЭК,CLP10-080-150-3,80х150х3000,80,150,3000,IEK,м,405.315,-,OS,3
#504010201033,IEK_PF_Лоток перфорированный DEFAULT_L=3000,Лоток перфорированный 80х200х3000 ИЭК,CLP10-080-200-3,80х200х3000,80,200,3000,IEK,м,460.3575,-,OS,3
#504010201034,IEK_PF_Лоток перфорированный DEFAULT_L=3000,Лоток перфорированный ESCA 80х300х3000 IEK,CLP10-080-300-3,80x300x3000,80,300,3000,IEK,м,563.7,-,OS,3
#504010201035,IEK_PF_Лоток перфорированный DEFAULT_L=3000,Лоток перфорированный ESCA 80х400х3000 IEK,CLP10-080-400-3,80x400x3000,80,400,3000,IEK,м,758.9175,-,OS,3
#504010201036,IEK_PF_Лоток перфорированный DEFAULT_L=3000,Лоток перфорированный 80х500х3000 ИЭК,CLP10-080-500-3,80х500х3000,80,500,3000,IEK,м,1008.54,-,OS,3
#504010201037,IEK_PF_Лоток перфорированный DEFAULT_L=3000,Лоток перфорированный 80х600х3000 IEK,CLP10-080-600-3,80х600х3000,80,600,3000,IEK,м,1236.9825,-,OS,3
#504010201038,IEK_PF_Лоток перфорированный DEFAULT_L=3000,Лоток перфорированный 100х100х3000 ИЭК,CLP10-100-100-3,100х100х3000,100,100,3000,IEK,м,382.755,-,OS,3
#504010201039,IEK_PF_Лоток перфорированный DEFAULT_L=3000,Лоток перфорированный 100х150х3000 ИЭК,CLP10-100-150-3,100х150х3000,100,150,3000,IEK,м,501.6825,-,OS,3
#504010201040,IEK_PF_Лоток перфорированный DEFAULT_L=3000,Лоток перфорированный 100х200х3000 ИЭК,CLP10-100-200-3,100х200х3000,100,200,3000,IEK,м,567.975,-,OS,3
#504010201041,IEK_PF_Лоток перфорированный DEFAULT_L=3000,Лоток перфорированный ESCA 100х300х3000 IEK,CLP10-100-300-3,100x300x3000,100,300,3000,IEK,м,783.1125,-,OS,3
#504010201042,IEK_PF_Лоток перфорированный DEFAULT_L=3000,Лоток перфорированный ESCA 100х400х3000 IEK,CLP10-100-400-3,100x400x3000,100,400,3000,IEK,м,1103.205,-,OS,3
#504010201043,IEK_PF_Лоток перфорированный DEFAULT_L=3000,Лоток перфорированный 100х500х3000 ИЭК,CLP10-100-500-3,100х500х3000,100,500,3000,IEK,м,1193.4375,-,OS,3
#504010201044,IEK_PF_Лоток перфорированный DEFAULT_L=3000,Лоток перфорированный 100х600х3000 IEK,CLP10-100-600-3,100х600х3000,100,600,3000,IEK,м,1264.17,-,OS,3
#504010201045,IEK_PF_Лоток перфорированный DEFAULT_L=2000,Лоток перфорированный 50х50х2000 IEK,CLP10-050-050-2,50х50х2000,50,50,2000,IEK,м,160.6125,-,OS,2
#504010201046,IEK_PF_Лоток перфорированный DEFAULT_L=2000,Лоток перфорированный 50х100х2000 IEK,CLP10-050-100-2,50х100х2000,50,100,2000,IEK,м,205.11,-,OS,2
#504010201047,IEK_PF_Лоток перфорированный DEFAULT_L=2000,Лоток перфорированный 50х150х2000 IEK,CLP10-050-150-2,50х150х2000,50,150,2000,IEK,м,240,-,OS,2
#504010201048,IEK_PF_Лоток перфорированный DEFAULT_L=2000,Лоток перфорированный 50х200х2000 IEK,CLP10-050-200-2,50х200х2000,50,200,2000,IEK,м,296.0625,-,OS,2
#504010201049,IEK_PF_Лоток перфорированный DEFAULT_L=2000,Лоток перфорированный 50х300х2000 IEK,CLP10-050-300-2,50х300х2000,50,300,2000,IEK,м,354.315,-,OS,2
#504010201050,IEK_PF_Лоток перфорированный DEFAULT_L=2000,Лоток перфорированный 50х400х2000 IEK,CLP10-050-400-2,50х400х2000,50,400,2000,IEK,м,585.39,-,OS,2
#504010201051,IEK_PF_Лоток перфорированный DEFAULT_L=2000,Лоток перфорированный 50х500х2000 IEK,CLP10-050-500-2,50х500х2000,50,500,2000,IEK,м,739.155,-,OS,2
#504010201052,IEK_PF_Лоток перфорированный DEFAULT_L=2000,Лоток перфорированный 50х600х2000 IEK,CLP10-050-600-2,50х600х2000,50,600,2000,IEK,м,954.165,-,OS,2
#504010201053,IEK_PF_Лоток перфорированный DEFAULT_L=2000,Лоток перфорированный 80х80х2000 IEK,CLP10-080-080-2,80х80х2000 ,80,80,2000,IEK,м,276.435,-,OS,2
#504010201054,IEK_PF_Лоток перфорированный DEFAULT_L=2000,Лоток перфорированный 80х100х2000 ИЭК,CLP10-080-100-2,80х100х2000,80,100,2000,IEK,м,333.57,-,OS,2
#504010201055,IEK_PF_Лоток перфорированный DEFAULT_L=2000,Лоток перфорированный 80х150х2000 IEK,CLP10-080-150-2,80х150х2000,80,150,2000,IEK,м,405.315,-,OS,2
#504010201056,IEK_PF_Лоток перфорированный DEFAULT_L=2000,Лоток перфорированный 80х200х2000 IEK,CLP10-080-200-2,80х200х2000,80,200,2000,IEK,м,460.3575,-,OS,2
#504010201057,IEK_PF_Лоток перфорированный DEFAULT_L=2000,Лоток перфорированный 80х300х2000 IEK,CLP10-080-300-2,80х300х2000,80,300,2000,IEK,м,563.7,-,OS,2
#504010201058,IEK_PF_Лоток перфорированный DEFAULT_L=2000,Лоток перфорированный 80х400х2000 IEK,CLP10-080-400-2,80х400х2000,80,400,2000,IEK,м,758.9175,-,OS,2
#504010201059,IEK_PF_Лоток перфорированный DEFAULT_L=2000,Лоток перфорированный 80х500х2000 IEK,CLP10-080-500-2,80х500х2000,80,500,2000,IEK,м,1008.54,-,OS,2
#504010201060,IEK_PF_Лоток перфорированный DEFAULT_L=2000,Лоток перфорированный 80х600х2000 IEK,CLP10-080-600-2,80х600х2000,80,600,2000,IEK,м,1236.9825,-,OS,2
#504010201061,IEK_PF_Лоток перфорированный DEFAULT_L=2000,Лоток перфорированный 100х100х2000 IEK,CLP10-100-100-2,100х100х2000,100,100,2000,IEK,м,382.755,-,OS,2
#504010201062,IEK_PF_Лоток перфорированный DEFAULT_L=2000,Лоток перфорированный 100х150х2000 IEK,CLP10-100-150-2,100х150х2000,100,150,2000,IEK,м,501.69,-,OS,2
#504010201063,IEK_PF_Лоток перфорированный DEFAULT_L=2000,Лоток перфорированный 100х200х2000 IEK,CLP10-100-200-2,100х200х2000,100,200,2000,IEK,м,567.975,-,OS,2
#504010201064,IEK_PF_Лоток перфорированный DEFAULT_L=2000,Лоток перфорированный 100х300х2000 IEK,CLP10-100-300-2,100х300х2000,100,300,2000,IEK,м,783.12,-,OS,2
#504010201065,IEK_PF_Лоток перфорированный DEFAULT_L=2000,Лоток перфорированный 100х400х2000 IEK,CLP10-100-400-2,100х400х2000,100,400,2000,IEK,м,1103.205,-,OS,2
#504010201066,IEK_PF_Лоток перфорированный DEFAULT_L=2000,Лоток перфорированный 100х500х2000 IEK,CLP10-100-500-2,100х500х2000,100,500,2000,IEK,м,1193.4375,-,OS,2
#504010201067,IEK_PF_Лоток перфорированный DEFAULT_L=2000,Лоток перфорированный 100х600х2000 IEK,CLP10-100-600-2,100х600х2000,100,600,2000,IEK,м,1264.17,-,OS,2
#504010201068,"IEK_PF_Лоток перфорированный DEFAULT_L=3000_t=0,55","Лоток перфорированный 50х50х3000х0,55 IEK",CLP10-050-050-055-3,50х50х3000,50,50,3000,IEK,м,118.62,-,OS,3
#504010201069,"IEK_PF_Лоток перфорированный DEFAULT_L=3000_t=0,55","Лоток перфорированный 50х100х3000х0,55 IEK",CLP10-050-100-055-3,50х100х3000,50,100,3000,IEK,м,150.975,-,OS,3
#504010201070,"IEK_PF_Лоток перфорированный DEFAULT_L=3000_t=0,55","Лоток перфорированный 50х150х3000х0,55 IEK",CLP10-050-150-055-3,50х150х3000,50,150,3000,IEK,м,181.3425,-,OS,3
#504010201071,"IEK_PF_Лоток перфорированный DEFAULT_L=3000_t=0,55","Лоток перфорированный 50х200х3000х0,55 IEK",CLP10-050-200-055-3,50х200х3000,50,200,3000,IEK,м,207,-,OS,3
#504010201072,"IEK_PF_Лоток перфорированный DEFAULT_L=3000_t=0,55","Лоток перфорированный 50х300х3000-0,55 IEK",CLP10-050-300-055-3,50х300х3000,50,300,3000,IEK,м,242.4,-,OS,3
#504010201073,"IEK_PF_Лоток перфорированный DEFAULT_L=3000_t=1,0","Лоток перфорированный 50х50х3000-1,0 IEK",CLP10-050-050-100-3,50х50х3000,50,50,3000,IEK,м,228.885,-,OS,3
#504010201074,"IEK_PF_Лоток перфорированный DEFAULT_L=3000_t=1,0","Лоток перфорированный 50х100х3000-1,0 IEK",CLP10-050-100-100-3,50х100х3000,50,100,3000,IEK,м,308.1,-,OS,3
#504010201075,"IEK_PF_Лоток перфорированный DEFAULT_L=3000_t=1,0","Лоток перфорированный 50х150х3000-1,0 IEK",CLP10-050-150-100-3,50х150х3000,50,150,3000,IEK,м,336.855,-,OS,3
#504010201076,"IEK_PF_Лоток перфорированный DEFAULT_L=3000_t=1,0","Лоток перфорированный 50х200х3000-1,0 IEK",CLP10-050-200-100-3,50х200х3000,50,200,3000,IEK,м,395.9475,-,OS,3
#504010201077,"IEK_PF_Лоток перфорированный DEFAULT_L=3000_t=1,0","Лоток перфорированный 50х300х3000-1,0 IEK",CLP10-050-300-100-3,50х300х3000,50,300,3000,IEK,м,510.7875,-,OS,3
#504010201078,"IEK_PF_Лоток перфорированный DEFAULT_L=3000_t=1,0","Лоток перфорированный 80х80х3000-1,0 IEK",CLP10-080-080-100-3,80х80х3000,80,80,3000,IEK,м,368.4375,-,OS,3
#504010201079,"IEK_PF_Лоток перфорированный DEFAULT_L=3000_t=1,0","Лоток перфорированный 80х100х3000-1,0 IEK",CLP10-080-100-100-3,80х100х3000,80,100,3000,IEK,м,395.055,-,OS,3
#504010201080,"IEK_PF_Лоток перфорированный DEFAULT_L=3000_t=1,0","Лоток перфорированный 80х150х3000-1,0 IEK",CLP10-080-150-100-3,80х150х3000,80,150,3000,IEK,м,460.4925,-,OS,3
#504010201081,"IEK_PF_Лоток перфорированный DEFAULT_L=3000_t=1,0","Лоток перфорированный 80х200х3000-1,0 IEK",CLP10-080-200-100-3,80х200х3000,80,200,3000,IEK,м,528.4275,-,OS,3
#504010201082,"IEK_PF_Лоток перфорированный DEFAULT_L=3000_t=1,0","Лоток перфорированный 80х300х3000-1,0 IEK",CLP10-080-300-100-3,80х300х3000,80,300,3000,IEK,м,658.2075,-,OS,3
#504010201083,"IEK_PF_Лоток перфорированный DEFAULT_L=3000_t=1,0","Лоток перфорированный 100х100х3000-1,0 IEK",CLP10-100-100-100-3,100х100х3000,100,100,3000,IEK,м,474.96,-,OS,3
#504010201084,"IEK_PF_Лоток перфорированный DEFAULT_L=3000_t=1,0","Лоток перфорированный 100х150х3000-1,0 IEK",CLP10-100-150-100-3,100х150х3000,100,150,3000,IEK,м,544.5075,-,OS,3
#504010201085,"IEK_PF_Лоток перфорированный DEFAULT_L=3000_t=1,0","Лоток перфорированный 100х200х3000-1,0 IEK",CLP10-100-200-100-3,100х200х3000,100,200,3000,IEK,м,614.475,-,OS,3
#504010201001,"IEK_PF_Лоток перфорированный DEFAULT_L=3000_t=1,2","Лоток перфорированный 50х50х3000-1,2 IEK",CLP10-050-050-120-3,50х50х3000,50,50,3000,IEK,м,303,-,OS,3
#504010201002,"IEK_PF_Лоток перфорированный DEFAULT_L=3000_t=1,2","Лоток перфорированный 50х100х3000-1,2 IEK",CLP10-050-100-120-3,50х100х3000,50,100,3000,IEK,м,374.8875,-,OS,3
#504010201003,"IEK_PF_Лоток перфорированный DEFAULT_L=3000_t=1,2","Лоток перфорированный 50х150х3000-1,2 IEK",CLP10-050-150-120-3,50х150х3000,50,150,3000,IEK,м,401.1825,-,OS,3
#504010201004,"IEK_PF_Лоток перфорированный DEFAULT_L=3000_t=1,2","Лоток перфорированный 50х200х3000-1,2 IEK",CLP10-050-200-120-3,50х200х3000,50,200,3000,IEK,м,470.4825,-,OS,3
#504010201005,"IEK_PF_Лоток перфорированный DEFAULT_L=3000_t=1,2","Лоток перфорированный 50х300х3000-1,2 IEK",CLP10-050-300-120-3,50х300х3000,50,300,3000,IEK,м,608.775,-,OS,3
#504010201006,"IEK_PF_Лоток перфорированный DEFAULT_L=3000_t=1,2","Лоток перфорированный 50х400х3000-1,2 IEK",CLP10-050-400-120-3,50х400х3000,50,400,3000,IEK,м,742.3275,-,OS,3
#504010201007,"IEK_PF_Лоток перфорированный DEFAULT_L=3000_t=1,2","Лоток перфорированный 80х80х3000-1,2 IEK",CLP10-080-080-120-3,80х80х3000,80,80,3000,IEK,м,438.0225,-,OS,3
#504010201008,"IEK_PF_Лоток перфорированный DEFAULT_L=3000_t=1,2","Лоток перфорированный 80х100х3000-1,2 IEK",CLP10-080-100-120-3,80х100х3000,80,100,3000,IEK,м,469.6275,-,OS,3
#504010201009,"IEK_PF_Лоток перфорированный DEFAULT_L=3000_t=1,2","Лоток перфорированный 80х150х3000-1,2 IEK",CLP10-080-150-120-3,80х150х3000,80,150,3000,IEK,м,548.325,-,OS,3
#504010201010,"IEK_PF_Лоток перфорированный DEFAULT_L=3000_t=1,2","Лоток перфорированный 80х200х3000-1,2 IEK",CLP10-080-200-120-3,80х200х3000,80,200,3000,IEK,м,627.84,-,OS,3
#504010201011,"IEK_PF_Лоток перфорированный DEFAULT_L=3000_t=1,2","Лоток перфорированный 80х300х3000-1,2 IEK",CLP10-080-300-120-3,80х300х3000,80,300,3000,IEK,м,784.1625,-,OS,3
#504010201012,"IEK_PF_Лоток перфорированный DEFAULT_L=3000_t=1,2","Лоток перфорированный 80х400х3000-1,2 IEK",CLP10-080-400-120-3,80х400х3000,80,400,3000,IEK,м,834.99,-,OS,3
#504010201013,"IEK_PF_Лоток перфорированный DEFAULT_L=3000_t=1,2","Лоток перфорированный 100х100х3000-1,2 IEK",CLP10-100-100-120-3,100х100х3000,100,100,3000,IEK,м,637.275,-,OS,3
#504010201014,"IEK_PF_Лоток перфорированный DEFAULT_L=3000_t=1,2","Лоток перфорированный 100х150х3000-1,2 IEK",CLP10-100-150-120-3,100х150х3000,100,150,3000,IEK,м,648.045,-,OS,3
#504010201015,"IEK_PF_Лоток перфорированный DEFAULT_L=3000_t=1,2","Лоток перфорированный 100х200х3000-1,2 IEK",CLP10-100-200-120-3,100х200х3000,100,200,3000,IEK,м,732.0075,-,OS,3
#504010201016,"IEK_PF_Лоток перфорированный DEFAULT_L=3000_t=1,2","Лоток перфорированный 100х300х3000-1,2 IEK",CLP10-100-300-120-3,100х300х3000,100,300,3000,IEK,м,890.0925,-,OS,3
#504010202001,IEK_PF_Лоток перфорированный HDZ_L=3000,Лоток перфорированный 50х50х3000 IEK HDZ,CLP10-050-050-3-M-HDZ,50х50х3000,50,50,3000,IEK,м,564.25,-,HDZ,3
#504010202002,IEK_PF_Лоток перфорированный HDZ_L=3000,Лоток перфорированный 50х100х3000 IEK HDZ,CLP10-050-100-3-M-HDZ,50х100х3000,50,100,3000,IEK,м,706.89,-,HDZ,3
#504010202003,IEK_PF_Лоток перфорированный HDZ_L=3000,Лоток перфорированный 50х150х3000 IEK HDZ,CLP10-050-150-3-M-HDZ,50х150х3000,50,150,3000,IEK,м,861.94,-,HDZ,3
#504010202004,IEK_PF_Лоток перфорированный HDZ_L=3000,Лоток перфорированный 50х200х3000 IEK HDZ,CLP10-050-200-3-M-HDZ,50х200х3000,50,200,3000,IEK,м,1007.25,-,HDZ,3
#504010202005,IEK_PF_Лоток перфорированный HDZ_L=3000,Лоток перфорированный 50х300х3000 IEK HDZ,CLP10-050-300-3-M-HDZ,50х300х3000,50,300,3000,IEK,м,1490.84,-,HDZ,3
#504010202006,IEK_PF_Лоток перфорированный HDZ_L=3000,Лоток перфорированный 50х400х3000 IEK HDZ,CLP10-050-400-3-M-HDZ,50х400х3000,50,400,3000,IEK,м,1636.24,-,HDZ,3
#504010202007,IEK_PF_Лоток перфорированный HDZ_L=3000,Лоток перфорированный 50х500х3000 IEK HDZ,CLP10-050-500-3-M-HDZ,50х500х3000,50,500,3000,IEK,м,2303.88,-,HDZ,3
#504010202008,IEK_PF_Лоток перфорированный HDZ_L=3000,Лоток перфорированный 50х600х3000 HDZ IEK,CLP10-050-600-3-M-HDZ,50х600х3000,50,600,3000,IEK,м,2874.95,-,HDZ,3
#504010202009,IEK_PF_Лоток перфорированный HDZ_L=3000,Лоток перфорированный 80х80х3000 HDZ IEK,CLP10-080-080-3-M-HDZ,80х80х3000 ,80,80,3000,IEK,м,857.34,-,HDZ,3
#504010202010,IEK_PF_Лоток перфорированный HDZ_L=3000,Лоток перфорированный 80х100х3000 IEK HDZ,CLP10-080-100-3-M-HDZ,80х100х3000,80,100,3000,IEK,м,902.46,-,HDZ,3
#504010202011,IEK_PF_Лоток перфорированный HDZ_L=3000,Лоток перфорированный 80х150х3000 IEK HDZ,CLP10-080-150-3-M-HDZ,80х150х3000,80,150,3000,IEK,м,1086.64,-,HDZ,3
#504010202012,IEK_PF_Лоток перфорированный HDZ_L=3000,Лоток перфорированный 80х200х3000 IEK HDZ,CLP10-080-200-3-M-HDZ,80х200х3000,80,200,3000,IEK,м,1078.78,-,HDZ,3
#504010202013,IEK_PF_Лоток перфорированный HDZ_L=3000,Лоток перфорированный 80х300х3000 IEK HDZ,CLP10-080-300-3-M-HDZ,80х300х3000,80,300,3000,IEK,м,1336.69,-,HDZ,3
#504010202014,IEK_PF_Лоток перфорированный HDZ_L=3000,Лоток перфорированный 80х400х3000 IEK HDZ,CLP10-080-400-3-M-HDZ,80х400х3000,80,400,3000,IEK,м,1917.13,-,HDZ,3
#504010202015,IEK_PF_Лоток перфорированный HDZ_L=3000,Лоток перфорированный 80х500х3000 IEK HDZ,CLP10-080-500-3-M-HDZ,80х500х3000,80,500,3000,IEK,м,2471.22,-,HDZ,3
#504010202016,IEK_PF_Лоток перфорированный HDZ_L=3000,Лоток перфорированный 80х600х3000 HDZ IEK,CLP10-080-600-3-M-HDZ,80х600х3000,80,600,3000,IEK,м,3259.33,-,HDZ,3
#504010202017,IEK_PF_Лоток перфорированный HDZ_L=3000,Лоток перфорированный 100х100х3000 IEK HDZ,CLP10-100-100-3-M-HDZ,100х100х3000,100,100,3000,IEK,м,1244.81,-,HDZ,3
#504010202018,IEK_PF_Лоток перфорированный HDZ_L=3000,Лоток перфорированный 100х150х3000 IEK HDZ,CLP10-100-150-3-M-HDZ,100х150х3000,100,150,3000,IEK,м,1428.84,-,HDZ,3
#504010202019,IEK_PF_Лоток перфорированный HDZ_L=3000,Лоток перфорированный 100х200х3000 IEK HDZ,CLP10-100-200-3-M-HDZ,100х200х3000,100,200,3000,IEK,м,1584.42,-,HDZ,3
#504010202020,IEK_PF_Лоток перфорированный HDZ_L=3000,Лоток перфорированный 100х300х3000 IEK HDZ,CLP10-100-300-3-M-HDZ,100х300х3000,100,300,3000,IEK,м,2134.03,-,HDZ,3
#504010202021,IEK_PF_Лоток перфорированный HDZ_L=3000,Лоток перфорированный 100х400х3000 IEK HDZ,CLP10-100-400-3-M-HDZ,100х400х3000,100,400,3000,IEK,м,2664.59,-,HDZ,3
#504010202022,IEK_PF_Лоток перфорированный HDZ_L=3000,Лоток перфорированный 100х500х3000 IEK HDZ,CLP10-100-500-3-M-HDZ,100х500х3000,100,500,3000,IEK,м,3000.81,-,HDZ,3
#504010202023,IEK_PF_Лоток перфорированный HDZ_L=3000,Лоток перфорированный 100х600х3000 HDZ IEK,CLP10-100-600-3-M-HDZ,100х600х3000,100,600,3000,IEK,м,3957.89,-,HDZ,3
#504010202024,IEK_PF_Лоток перфорированный HDZ_L=2000,Лоток перфорированный 50х50х2000 HDZ IEK,CLP10-050-050-2-M-HDZ,50х50х2000,50,50,2000,IEK,м,564.25,-,HDZ,2
#504010202025,IEK_PF_Лоток перфорированный HDZ_L=2000,Лоток перфорированный 50х100х2000 HDZ IEK,CLP10-050-100-2-M-HDZ,50х100х2000,50,100,2000,IEK,м,706.9,-,HDZ,2
#504010202026,IEK_PF_Лоток перфорированный HDZ_L=2000,Лоток перфорированный 50х150х2000 HDZ IEK,CLP10-050-150-2-M-HDZ,50х150х2000,50,150,2000,IEK,м,861.94,-,HDZ,2
#504010202027,IEK_PF_Лоток перфорированный HDZ_L=2000,Лоток перфорированный 50х200х2000 HDZ IEK,CLP10-050-200-2-M-HDZ,50х200х2000,50,200,2000,IEK,м,1007.26,-,HDZ,2
#504010202028,IEK_PF_Лоток перфорированный HDZ_L=2000,Лоток перфорированный 50х300х2000 HDZ IEK,CLP10-050-300-2-M-HDZ,50х300х2000,50,300,2000,IEK,м,1490.84,-,HDZ,2
#504010202029,IEK_PF_Лоток перфорированный HDZ_L=2000,Лоток перфорированный 50х400х2000 HDZ IEK,CLP10-050-400-2-M-HDZ,50х400х2000,50,400,2000,IEK,м,1859.36,-,HDZ,2
#504010202030,IEK_PF_Лоток перфорированный HDZ_L=2000,Лоток перфорированный 50х500х2000 HDZ IEK,CLP10-050-500-2-M-HDZ,50х500х2000,50,500,2000,IEK,м,2303.88,-,HDZ,2
#504010202031,IEK_PF_Лоток перфорированный HDZ_L=2000,Лоток перфорированный 50х600х2000 HDZ IEK,CLP10-050-600-2-M-HDZ,50х600х2000,50,600,2000,IEK,м,2874.95,-,HDZ,2
#504010202032,IEK_PF_Лоток перфорированный HDZ_L=2000,Лоток перфорированный 80х80х2000 HDZ IEK,CLP10-080-080-2-M-HDZ,80х80х2000 ,80,80,2000,IEK,м,857.34,-,HDZ,2
#504010202033,IEK_PF_Лоток перфорированный HDZ_L=2000,Лоток перфорированный 80х100х2000 HDZ IEK,CLP10-080-100-2-M-HDZ,80х100х2000,80,100,2000,IEK,м,902.46,-,HDZ,2
#504010202034,IEK_PF_Лоток перфорированный HDZ_L=2000,Лоток перфорированный 80х150х2000 HDZ IEK,CLP10-080-150-2-M-HDZ,80х150х2000,80,150,2000,IEK,м,1086.64,-,HDZ,2
#504010202035,IEK_PF_Лоток перфорированный HDZ_L=2000,Лоток перфорированный 80х200х2000 HDZ IEK,CLP10-080-200-2-M-HDZ,80х200х2000,80,200,2000,IEK,м,1225.88,-,HDZ,2
#504010202036,IEK_PF_Лоток перфорированный HDZ_L=2000,Лоток перфорированный 80х300х2000 HDZ IEK,CLP10-080-300-2-M-HDZ,80х300х2000,80,300,2000,IEK,м,1518.97,-,HDZ,2
#504010202037,IEK_PF_Лоток перфорированный HDZ_L=2000,Лоток перфорированный 80х400х2000 HDZ IEK,CLP10-080-400-2-M-HDZ,80х400х2000,80,400,2000,IEK,м,1917.13,-,HDZ,2
#504010202038,IEK_PF_Лоток перфорированный HDZ_L=2000,Лоток перфорированный 80х500х2000 HDZ IEK,CLP10-080-500-2-M-HDZ,80х500х2000,80,500,2000,IEK,м,2471.22,-,HDZ,2
#504010202039,IEK_PF_Лоток перфорированный HDZ_L=2000,Лоток перфорированный 80х600х2000 HDZ IEK,CLP10-080-600-2-M-HDZ,80х600х2000,80,600,2000,IEK,м,3259.33,-,HDZ,2
#504010202040,IEK_PF_Лоток перфорированный HDZ_L=2000,Лоток перфорированный 100х100х2000 HDZ IEK,CLP10-100-100-2-M-HDZ,100х100х2000,100,100,2000,IEK,м,1244.81,-,HDZ,2
#504010202041,IEK_PF_Лоток перфорированный HDZ_L=2000,Лоток перфорированный 100х150х2000 HDZ IEK,CLP10-100-150-2-M-HDZ,100х150х2000,100,150,2000,IEK,м,1428.84,-,HDZ,2
#504010202042,IEK_PF_Лоток перфорированный HDZ_L=2000,Лоток перфорированный 100х200х2000 HDZ IEK,CLP10-100-200-2-M-HDZ,100х200х2000,100,200,2000,IEK,м,1584.42,-,HDZ,2
#504010202043,IEK_PF_Лоток перфорированный HDZ_L=2000,Лоток перфорированный 100х300х2000 HDZ IEK,CLP10-100-300-2-M-HDZ,100х300х2000,100,300,2000,IEK,м,2134.03,-,HDZ,2
#504010202044,IEK_PF_Лоток перфорированный HDZ_L=2000,Лоток перфорированный 100х400х2000 HDZ IEK,CLP10-100-400-2-M-HDZ,100х400х2000,100,400,2000,IEK,м,2664.59,-,HDZ,2
#504010202045,IEK_PF_Лоток перфорированный HDZ_L=2000,Лоток перфорированный 100х500х2000 HDZ IEK,CLP10-100-500-2-M-HDZ,100х500х2000,100,500,2000,IEK,м,3000.82,-,HDZ,2
#504010202046,IEK_PF_Лоток перфорированный HDZ_L=2000,Лоток перфорированный 100х600х2000 HDZ IEK,CLP10-100-600-2-M-HDZ,100х600х2000,100,600,2000,IEK,м,3957.89,-,HDZ,2
#504010202047,"IEK_PF_Лоток перфорированный HDZ_L=3000_t=1,0","Лоток перфорированный 50х50х3000-1,0 HDZ IEK",CLP10-050-050-100-3-M-HDZ,50х50х3000,50,50,3000,IEK,м,629.75,-,HDZ,3
#504010202048,"IEK_PF_Лоток перфорированный HDZ_L=3000_t=1,0","Лоток перфорированный 50х100х3000-1,0 HDZ IEK",CLP10-050-100-100-3-M-HDZ,50х100х3000,50,100,3000,IEK,м,789.02,-,HDZ,3
#504010202049,"IEK_PF_Лоток перфорированный HDZ_L=3000_t=1,0","Лоток перфорированный 50х150х3000-1,0 HDZ IEK",CLP10-050-150-100-3-M-HDZ,50х150х3000,50,150,3000,IEK,м,933.85,-,HDZ,3
#504010202050,"IEK_PF_Лоток перфорированный HDZ_L=3000_t=1,0","Лоток перфорированный 50х200х3000-1,0 HDZ IEK",CLP10-050-200-100-3-M-HDZ,50х200х3000,50,200,3000,IEK,м,1091.33,-,HDZ,3
#504010202051,"IEK_PF_Лоток перфорированный HDZ_L=3000_t=1,0","Лоток перфорированный 50х300х3000-1,0 HDZ IEK",CLP10-050-300-100-3-M-HDZ,50х300х3000,50,300,3000,IEK,м,1663.59,-,HDZ,3
#504010202052,"IEK_PF_Лоток перфорированный HDZ_L=3000_t=1,0","Лоток перфорированный 80х80х3000-1,0 HDZ IEK",CLP10-080-080-100-3-M-HDZ,80х80х3000,80,80,3000,IEK,м,981.7,-,HDZ,3
#504010202053,"IEK_PF_Лоток перфорированный HDZ_L=3000_t=1,0","Лоток перфорированный 80х100х3000-1,0 HDZ IEK",CLP10-080-100-100-3-M-HDZ,80х100х3000,80,100,3000,IEK,м,1007.12,-,HDZ,3
#504010202054,"IEK_PF_Лоток перфорированный HDZ_L=3000_t=1,0","Лоток перфорированный 80х150х3000-1,0 HDZ IEK",CLP10-080-150-100-3-M-HDZ,80х150х3000,80,150,3000,IEK,м,1212.72,-,HDZ,3
#504010202055,"IEK_PF_Лоток перфорированный HDZ_L=3000_t=1,0","Лоток перфорированный 80х200х3000-1,0 HDZ IEK",CLP10-080-200-100-3-M-HDZ,80х200х3000,80,200,3000,IEK,м,1368.12,-,HDZ,3
#504010202056,"IEK_PF_Лоток перфорированный HDZ_L=3000_t=1,0","Лоток перфорированный 80х300х3000-1,0 HDZ IEK",CLP10-080-300-100-3-M-HDZ,80х300х3000,80,300,3000,IEK,м,1695.15,-,HDZ,3
#504010202057,"IEK_PF_Лоток перфорированный HDZ_L=3000_t=1,0","Лоток перфорированный 100х100х3000-1,0 HDZ IEK",CLP10-100-100-100-3-M-HDZ,100х100х3000,100,100,3000,IEK,м,1389.24,-,HDZ,3
#504010202058,"IEK_PF_Лоток перфорированный HDZ_L=3000_t=1,0","Лоток перфорированный 100х150х3000-1,0 HDZ IEK",CLP10-100-150-100-3-M-HDZ,100х150х3000,100,150,3000,IEK,м,1594.6,-,HDZ,3
#504010202059,"IEK_PF_Лоток перфорированный HDZ_L=3000_t=1,0","Лоток перфорированный 100х200х3000-1,0 HDZ IEK",CLP10-100-200-100-3-M-HDZ,100х200х3000,100,200,3000,IEK,м,1768.29,-,HDZ,3
#504010202060,"IEK_PF_Лоток перфорированный HDZ_L=3000_t=1,2","Лоток перфорированный 50х50х3000-1,2 HDZ IEK",CLP10-050-050-120-3-M-HDZ,50х50х3000,50,50,3000,IEK,м,664.05,-,HDZ,3
#504010202061,"IEK_PF_Лоток перфорированный HDZ_L=3000_t=1,2","Лоток перфорированный 50х100х3000-1,2 HDZ IEK",CLP10-050-100-120-3-M-HDZ,50х100х3000,50,100,3000,IEK,м,831.95,-,HDZ,3
#504010202062,"IEK_PF_Лоток перфорированный HDZ_L=3000_t=1,2","Лоток перфорированный 50х150х3000-1,2 HDZ IEK",CLP10-050-150-120-3-M-HDZ,50х150х3000,50,150,3000,IEK,м,984.9,-,HDZ,3
#504010202063,"IEK_PF_Лоток перфорированный HDZ_L=3000_t=1,2","Лоток перфорированный 50х200х3000-1,2 HDZ IEK",CLP10-050-200-120-3-M-HDZ,50х200х3000,50,200,3000,IEK,м,1150.88,-,HDZ,3
#504010202064,"IEK_PF_Лоток перфорированный HDZ_L=3000_t=1,2","Лоток перфорированный 50х300х3000-1,2 HDZ IEK",CLP10-050-300-120-3-M-HDZ,50х300х3000,50,300,3000,IEK,м,1754.55,-,HDZ,3
#504010202065,"IEK_PF_Лоток перфорированный HDZ_L=3000_t=1,2","Лоток перфорированный 50х400х3000-1,2 HDZ IEK",CLP10-050-400-120-3-M-HDZ,50х400х3000,50,400,3000,IEK,м,2188.13,-,HDZ,3
#504010202066,"IEK_PF_Лоток перфорированный HDZ_L=3000_t=1,2","Лоток перфорированный 80х80х3000-1,2 HDZ IEK",CLP10-080-080-120-3-M-HDZ,80х80х3000,80,80,3000,IEK,м,1035.24,-,HDZ,3
#504010202067,"IEK_PF_Лоток перфорированный HDZ_L=3000_t=1,2","Лоток перфорированный 80х100х3000-1,2 HDZ IEK",CLP10-080-100-120-3-M-HDZ,80х100х3000,80,100,3000,IEK,м,1062.37,-,HDZ,3
#504010202068,"IEK_PF_Лоток перфорированный HDZ_L=3000_t=1,2","Лоток перфорированный 80х150х3000-1,2 HDZ IEK",CLP10-080-150-120-3-M-HDZ,80х150х3000,80,150,3000,IEK,м,1278.85,-,HDZ,3
#504010202069,"IEK_PF_Лоток перфорированный HDZ_L=3000_t=1,2","Лоток перфорированный 80х200х3000-1,2 HDZ IEK",CLP10-080-200-120-3-M-HDZ,80х200х3000,80,200,3000,IEK,м,1442.79,-,HDZ,3
#504010202070,"IEK_PF_Лоток перфорированный HDZ_L=3000_t=1,2","Лоток перфорированный 80х300х3000-1,2 HDZ IEK",CLP10-080-300-120-3-M-HDZ,80х300х3000,80,300,3000,IEK,м,1787.58,-,HDZ,3
#504010202071,"IEK_PF_Лоток перфорированный HDZ_L=3000_t=1,2","Лоток перфорированный 80х400х3000-1,2 HDZ IEK",CLP10-080-400-120-3-M-HDZ,80х400х3000,80,400,3000,IEK,м,2256.24,-,HDZ,3
#504010202072,"IEK_PF_Лоток перфорированный HDZ_L=3000_t=1,2","Лоток перфорированный 100х100х3000-1,2 HDZ IEK",CLP10-100-100-120-3-M-HDZ,100х100х3000,100,100,3000,IEK,м,1465.12,-,HDZ,3
#504010202073,"IEK_PF_Лоток перфорированный HDZ_L=3000_t=1,2","Лоток перфорированный 100х150х3000-1,2 HDZ IEK",CLP10-100-150-120-3-M-HDZ,100х150х3000,100,150,3000,IEK,м,1681.55,-,HDZ,3
#504010202074,"IEK_PF_Лоток перфорированный HDZ_L=3000_t=1,2","Лоток перфорированный 100х200х3000-1,2 HDZ IEK",CLP10-100-200-120-3-M-HDZ,100х200х3000,100,200,3000,IEK,м,1864.68,-,HDZ,3
#504010202075,"IEK_PF_Лоток перфорированный HDZ_L=3000_t=1,2","Лоток перфорированный 100х300х3000-1,2 HDZ IEK",CLP10-100-300-120-3-M-HDZ,100х300х3000,100,300,3000,IEK,м,2511.41,-,HDZ,3
#504010203001,IEK_PF_Лоток перфорированный RAL_L=3000,Лоток крашенный перфорированный 35х50х3000 ИЭК,CLPK10-035-050-3,35х50х3000,35,50,3000,IEK,м,378.13,-,RAL,3
#504010203002,IEK_PF_Лоток перфорированный RAL_L=3000,Лоток крашенный перфорированный 35х100х3000 ИЭК,CLPK10-035-100-3,35х100х3000,35,100,3000,IEK,м,452.51,-,RAL,3
#504010203003,IEK_PF_Лоток перфорированный RAL_L=3000,Лоток крашенный перфорированный 35х150х3000 ИЭК,CLPK10-035-150-3,35х150х3000,35,150,3000,IEK,м,585.91,-,RAL,3
#504010203004,IEK_PF_Лоток перфорированный RAL_L=3000,Лоток крашенный перфорированный 35х200х3000 ИЭК,CLPK10-035-200-3,35х200х3000,35,200,3000,IEK,м,657.15,-,RAL,3
#504010203005,IEK_PF_Лоток перфорированный RAL_L=3000,Лоток крашенный перфорированный 35х300х3000 ИЭК,CLPK10-035-300-3,35х300х3000,35,300,3000,IEK,м,830.14,-,RAL,3
#504010203006,IEK_PF_Лоток перфорированный RAL_L=3000,Лоток крашенный перфорированный 50х50х3000 RAL 9016 (глянец) ИЭК,CLPK10-050-050-3,50х50х3000,50,50,3000,IEK,м,382.2,-,RAL,3
#504010203007,IEK_PF_Лоток перфорированный RAL_L=3000,Лоток крашенный перфорированный 50х100х3000 RAL 9016 (глянец) ИЭК,CLPK10-050-100-3,50х100х3000,50,100,3000,IEK,м,459.4,-,RAL,3
#504010203008,IEK_PF_Лоток перфорированный RAL_L=3000,Лоток крашенный перфорированный 50х150х3000 ИЭК,CLPK10-050-150-3,50х150х3000,50,150,3000,IEK,м,602.58,-,RAL,3
#504010203009,IEK_PF_Лоток перфорированный RAL_L=3000,Лоток крашенный перфорированный 50х200х3000 RAL 9016 (глянец) ИЭК,CLPK10-050-200-3,50х200х3000,50,200,3000,IEK,м,723.19,-,RAL,3
#504010203010,IEK_PF_Лоток перфорированный RAL_L=3000,Лоток крашенный перфорированный 50х300х3000 ИЭК,CLPK10-050-300-3,50х300х3000,50,300,3000,IEK,м,853.72,-,RAL,3
#504010203011,IEK_PF_Лоток перфорированный RAL_L=3000,Лоток крашенный перфорированный 50х400х3000 ИЭК,CLPK10-050-400-3,50х400х3000,50,400,3000,IEK,м,1353.44,-,RAL,3
#504010203012,IEK_PF_Лоток перфорированный RAL_L=3000,Лоток крашенный перфорированный 50х500х3000 ИЭК,CLPK10-050-500-3,50х500х3000,50,500,3000,IEK,м,1832.14,-,RAL,3
#504010203013,IEK_PF_Лоток перфорированный RAL_L=3000,Лоток крашенный перфорированный 80х100х3000 ИЭК,CLPK10-080-100-3,80х100х3000,80,100,3000,IEK,м,780.31,-,RAL,3
#504010203014,IEK_PF_Лоток перфорированный RAL_L=3000,Лоток крашенный перфорированный 80х150х3000 ИЭК,CLPK10-080-150-3,80х150х3000,80,150,3000,IEK,м,898.22,-,RAL,3
#504010203015,IEK_PF_Лоток перфорированный RAL_L=3000,Лоток крашенный перфорированный 80х200х3000 ИЭК,CLPK10-080-200-3,80х200х3000,80,200,3000,IEK,м,1020.16,-,RAL,3
#504010203016,IEK_PF_Лоток перфорированный RAL_L=3000,Лоток крашенный перфорированный 80х300х3000 ИЭК,CLPK10-080-300-3,80х300х3000,80,300,3000,IEK,м,1249.37,-,RAL,3
#504010203017,IEK_PF_Лоток перфорированный RAL_L=3000,Лоток крашенный перфорированный 80х400х3000 ИЭК,CLPK10-080-400-3,80х400х3000,80,400,3000,IEK,м,1775.29,-,RAL,3
#504010203018,IEK_PF_Лоток перфорированный RAL_L=3000,Лоток крашенный перфорированный 80х500х3000 ИЭК,CLPK10-080-500-3,80х500х3000,80,500,3000,IEK,м,2195.61,-,RAL,3
#504010203019,IEK_PF_Лоток перфорированный RAL_L=3000,Лоток крашенный перфорированный 100х100х3000 ИЭК,CLPK10-100-100-3,100х100х3000,100,100,3000,IEK,м,848.31,-,RAL,3
#504010203020,IEK_PF_Лоток перфорированный RAL_L=3000,Лоток крашенный перфорированный 100х150х3000 ИЭК,CLPK10-100-150-3,100х150х3000,100,150,3000,IEK,м,1111.83,-,RAL,3
#504010203021,IEK_PF_Лоток перфорированный RAL_L=3000,Лоток крашенный перфорированный 100х200х3000 ИЭК,CLPK10-100-200-3,100х200х3000,100,200,3000,IEK,м,1224.66,-,RAL,3
#504010203022,IEK_PF_Лоток перфорированный RAL_L=3000,Лоток крашенный перфорированный 100х300х3000 ИЭК,CLPK10-100-300-3,100х300х3000,100,300,3000,IEK,м,1688.53,-,RAL,3
#504010203023,IEK_PF_Лоток перфорированный RAL_L=3000,Лоток крашенный перфорированный 100х400х3000 ИЭК,CLPK10-100-400-3,100х400х3000,100,400,3000,IEK,м,2378.62,-,RAL,3
#504010203024,IEK_PF_Лоток перфорированный RAL_L=3000,Лоток крашенный перфорированный 100х500х3000 ИЭК,CLPK10-100-500-3,100х500х3000,100,500,3000,IEK,м,2573.24,-,RAL,3
#504010101001,IEK_NF_Лоток неперфорированный DEFAULT_L=3000,"Лоток неперфорированный 35х50х3000, 0,7мм",CLN10-035-050-070-3,35х50х3000,35,50,3000,IEK,м,215.77,-,OS,3
#504010101002,IEK_NF_Лоток неперфорированный DEFAULT_L=3000,"Лоток неперфорированный 35х100х3000, 0,7мм",CLN10-035-100-070-3,35х100х3000,35,100,3000,IEK,м,280.42,-,OS,3
#504010101003,IEK_NF_Лоток неперфорированный DEFAULT_L=3000,"Лоток неперфорированный 35х150х3000, 0,7мм",CLN10-035-150-070-3,35х150х3000,35,150,3000,IEK,м,306.32,-,OS,3
#504010101004,IEK_NF_Лоток неперфорированный DEFAULT_L=3000,"Лоток неперфорированный 35х200х3000, 0,7мм",CLN10-035-200-070-3,35х200х3000,35,200,3000,IEK,м,407.21,-,OS,3
#504010101005,IEK_NF_Лоток неперфорированный DEFAULT_L=3000,"Лоток неперфорированный 35х300х3000, 0,8мм",CLN10-035-300-080-3,35х300х3000,35,300,3000,IEK,м,514.31,-,OS,3
#504010101006,IEK_NF_Лоток неперфорированный DEFAULT_L=3000,Лоток неперфорированный 50х50х3000 ИЭК,CLN10-050-050-3,50х50х3000,50,50,3000,IEK,м,214.15,-,OS,3
#504010101007,IEK_NF_Лоток неперфорированный DEFAULT_L=3000,Лоток неперфорированный 50х100х3000 ИЭК,CLN10-050-100-3,50х100х3000,50,100,3000,IEK,м,266.27,-,OS,3
#504010101008,IEK_NF_Лоток неперфорированный DEFAULT_L=3000,Лоток неперфорированный 50х150х3000 ИЭК,CLN10-050-150-3,50х150х3000,50,150,3000,IEK,м,320,-,OS,3
#504010101009,IEK_NF_Лоток неперфорированный DEFAULT_L=3000,Лоток неперфорированный 50х200х3000 ИЭК,CLN10-050-200-3,50х200х3000,50,200,3000,IEK,м,394.75,-,OS,3
#504010101010,IEK_NF_Лоток неперфорированный DEFAULT_L=3000,Лоток неперфорированный 50х300х3000 ИЭК,CLN10-050-300-3,50х300х3000,50,300,3000,IEK,м,472.42,-,OS,3
#504010101011,IEK_NF_Лоток неперфорированный DEFAULT_L=3000,Лоток неперфорированный 50х400х3000 ИЭК,CLN10-050-400-3,50х400х3000,50,400,3000,IEK,м,699.94,-,OS,3
#504010101012,IEK_NF_Лоток неперфорированный DEFAULT_L=3000,Лоток неперфорированный 50х500х3000 ИЭК,CLN10-050-500-3,50х500х3000,50,500,3000,IEK,м,875.6,-,OS,3
#504010101013,IEK_NF_Лоток неперфорированный DEFAULT_L=3000,Лоток неперфорированный 50х600х3000 IEK,CLN10-050-600-3,50х600х3000,50,600,3000,IEK,м,1272.21,-,OS,3
#504010101014,IEK_NF_Лоток неперфорированный DEFAULT_L=3000,Лоток неперфорированный 80х80х3000 ИЭК,CLN10-080-080-3,80х80х3000,80,80,3000,IEK,м,368.58,-,OS,3
#504010101015,IEK_NF_Лоток неперфорированный DEFAULT_L=3000,Лоток неперфорированный 80х100х3000 ИЭК,CLN10-080-100-3,80х100х3000,80,100,3000,IEK,м,444.75,-,OS,3
#504010101016,IEK_NF_Лоток неперфорированный DEFAULT_L=3000,Лоток неперфорированный 80х150х3000 ИЭК,CLN10-080-150-3,80х150х3000,80,150,3000,IEK,м,540.42,-,OS,3
#504010101017,IEK_NF_Лоток неперфорированный DEFAULT_L=3000,Лоток неперфорированный 80х200х3000 ИЭК,CLN10-080-200-3,80х200х3000,80,200,3000,IEK,м,613.81,-,OS,3
#504010101018,IEK_NF_Лоток неперфорированный DEFAULT_L=3000,Лоток неперфорированный ESCA 80х300х3000 IEK,CLN10-080-300-3,80х300х300,80,300,300,IEK,м,751.6,-,OS,3
#504010101019,IEK_NF_Лоток неперфорированный DEFAULT_L=3000,Лоток неперфорированный ESCA 80х400х3000 IEK,CLN10-080-400-3,80х400х300,80,400,300,IEK,м,1011.89,-,OS,3
#504010101020,IEK_NF_Лоток неперфорированный DEFAULT_L=3000,Лоток неперфорированный 80х500х3000 ИЭК,CLN10-080-500-3,80х500х3000,80,500,3000,IEK,м,1344.72,-,OS,3
#504010101021,IEK_NF_Лоток неперфорированный DEFAULT_L=3000,Лоток неперфорированный 80х600х3000 IEK,CLN10-080-600-3,80х600х3000,80,600,3000,IEK,м,1649.31,-,OS,3
#504010101022,IEK_NF_Лоток неперфорированный DEFAULT_L=3000,Лоток неперфорированный 100х100х3000 ИЭК,CLN10-100-100-3,100х100х3000,100,100,3000,IEK,м,510.34,-,OS,3
#504010101023,IEK_NF_Лоток неперфорированный DEFAULT_L=3000,Лоток неперфорированный 100х150х3000 ИЭК,CLN10-100-150-3,100х150х3000,100,150,3000,IEK,м,668.91,-,OS,3
#504010101024,IEK_NF_Лоток неперфорированный DEFAULT_L=3000,Лоток неперфорированный 100х200х3000 ИЭК,CLN10-100-200-3,100х200х3000,100,200,3000,IEK,м,757.3,-,OS,3
#504010101025,IEK_NF_Лоток неперфорированный DEFAULT_L=3000,Лоток неперфорированный ESCA 100х300х3000 IEK,CLN10-100-300-3,100х300х3000,100,300,3000,IEK,м,1044.15,-,OS,3
#504010101026,IEK_NF_Лоток неперфорированный DEFAULT_L=3000,Лоток неперфорированный ESCA 100х400х3000 IEK,CLN10-100-400-3,100х400х3000,100,400,3000,IEK,м,1470.94,-,OS,3
#504010101027,IEK_NF_Лоток неперфорированный DEFAULT_L=3000,Лоток неперфорированный 100х500х3000 ИЭК,CLN10-100-500-3,100х500х3000,100,500,3000,IEK,м,1591.25,-,OS,3
#504010101028,IEK_NF_Лоток неперфорированный DEFAULT_L=3000,Лоток неперфорированный 100х600х3000 IEK,CLN10-100-600-3,100х600х3000,100,600,3000,IEK,м,1685.56,-,OS,3
#504010101029,IEK_NF_Лоток неперфорированный DEFAULT_L=2000,Лоток неперфорированный 50х50х2000 IEK,CLN10-050-050-2,50х50х2000,50,50,2000,IEK,м,214.15,-,OS,2
#504010101030,IEK_NF_Лоток неперфорированный DEFAULT_L=2000,Лоток неперфорированный 50х100х2000 IEK,CLN10-050-100-2,50х100х2000,50,100,2000,IEK,м,266.27,-,OS,2
#504010101031,IEK_NF_Лоток неперфорированный DEFAULT_L=2000,Лоток неперфорированный 50х150х2000 IEK,CLN10-050-150-2,50х150х2000,50,150,2000,IEK,м,320,-,OS,2
#504010101032,IEK_NF_Лоток неперфорированный DEFAULT_L=2000,Лоток неперфорированный 50х200х2000 IEK,CLN10-050-200-2,50х200х2000,50,200,2000,IEK,м,394.75,-,OS,2
#504010101033,IEK_NF_Лоток неперфорированный DEFAULT_L=2000,Лоток неперфорированный 50х300х2000 IEK,CLN10-050-300-2,50х300х2000,50,300,2000,IEK,м,472.42,-,OS,2
#504010101034,IEK_NF_Лоток неперфорированный DEFAULT_L=2000,Лоток неперфорированный 50х400х2000 IEK,CLN10-050-400-2,50х400х2000,50,400,2000,IEK,м,699.94,-,OS,2
#504010101035,IEK_NF_Лоток неперфорированный DEFAULT_L=2000,Лоток неперфорированный 50х500х2000 IEK,CLN10-050-500-2,50х500х2000,50,500,2000,IEK,м,875.6,-,OS,2
#504010101036,IEK_NF_Лоток неперфорированный DEFAULT_L=2000,Лоток неперфорированный 50х600х2000 IEK,CLN10-050-600-2,50х600х2000,50,600,2000,IEK,м,1272.21,-,OS,2
#504010101037,IEK_NF_Лоток неперфорированный DEFAULT_L=2000,Лоток неперфорированный 80х80х2000 IEK,CLN10-080-080-2,80х80х2000 ,80,80,2000,IEK,м,368.58,-,OS,2
#504010101038,IEK_NF_Лоток неперфорированный DEFAULT_L=2000,Лоток неперфорированный 80х100х2000 IEK,CLN10-080-100-2,80х100х2000,80,100,2000,IEK,м,444.76,-,OS,2
#504010101039,IEK_NF_Лоток неперфорированный DEFAULT_L=2000,Лоток неперфорированный 80х150х2000 IEK,CLN10-080-150-2,80х150х2000,80,150,2000,IEK,м,540.42,-,OS,2
#504010101040,IEK_NF_Лоток неперфорированный DEFAULT_L=2000,Лоток неперфорированный 80х200х2000 IEK,CLN10-080-200-2,80х200х2000,80,200,2000,IEK,м,613.81,-,OS,2
#504010101041,IEK_NF_Лоток неперфорированный DEFAULT_L=2000,Лоток неперфорированный 80х300х2000 IEK,CLN10-080-300-2,80х300х2000,80,300,2000,IEK,м,751.6,-,OS,2
#504010101042,IEK_NF_Лоток неперфорированный DEFAULT_L=2000,Лоток неперфорированный 80х400х2000 IEK,CLN10-080-400-2,80х400х2000,80,400,2000,IEK,м,1011.89,-,OS,2
#504010101043,IEK_NF_Лоток неперфорированный DEFAULT_L=2000,Лоток неперфорированный 80х500х2000 IEK,CLN10-080-500-2,80х500х2000,80,500,2000,IEK,м,1344.72,-,OS,2
#504010101044,IEK_NF_Лоток неперфорированный DEFAULT_L=2000,Лоток неперфорированный 80х600х2000 IEK,CLN10-080-600-2,80х600х2000,80,600,2000,IEK,м,1649.31,-,OS,2
#504010101045,IEK_NF_Лоток неперфорированный DEFAULT_L=2000,Лоток неперфорированный 100х100х2000 IEK,CLN10-100-100-2,100х100х2000,100,100,2000,IEK,м,510.34,-,OS,2
#504010101046,IEK_NF_Лоток неперфорированный DEFAULT_L=2000,Лоток неперфорированный 100х150х2000 IEK,CLN10-100-150-2,100х150х2000,100,150,2000,IEK,м,668.92,-,OS,2
#504010101047,IEK_NF_Лоток неперфорированный DEFAULT_L=2000,Лоток неперфорированный 100х200х2000 IEK,CLN10-100-200-2,100х200х2000,100,200,2000,IEK,м,757.3,-,OS,2
#504010101048,IEK_NF_Лоток неперфорированный DEFAULT_L=2000,Лоток неперфорированный 100х300х2000 IEK,CLN10-100-300-2,100х300х2000,100,300,2000,IEK,м,1044.16,-,OS,2
#504010101049,IEK_NF_Лоток неперфорированный DEFAULT_L=2000,Лоток неперфорированный 100х400х2000 IEK,CLN10-100-400-2,100х400х2000,100,400,2000,IEK,м,1470.94,-,OS,2
#504010101050,IEK_NF_Лоток неперфорированный DEFAULT_L=2000,Лоток неперфорированный 100х500х2000 IEK,CLN10-100-500-2,100х500х2000,100,500,2000,IEK,м,1591.25,-,OS,2
#504010101051,IEK_NF_Лоток неперфорированный DEFAULT_L=2000,Лоток неперфорированный 100х600х2000 IEK,CLN10-100-600-2,100х600х2000,100,600,2000,IEK,м,1685.56,-,OS,2
#504010101052,"IEK_NF_Лоток неперфорированный DEFAULT_L=3000_t=0,55","Лоток неперфорированный 50х50х3000х0,55 IEK",CLN10-050-050-055-3,50х50х3000,50,50,3000,IEK,м,158.16,-,OS,3
#504010101053,"IEK_NF_Лоток неперфорированный DEFAULT_L=3000_t=0,55","Лоток неперфорированный 50х100х3000х0,55 IEK",CLN10-050-100-055-3,50х100х3000,50,100,3000,IEK,м,201.3,-,OS,3
#504010101054,"IEK_NF_Лоток неперфорированный DEFAULT_L=3000_t=1,0","Лоток неперфорированный 50х50х3000-1,0 IEK",CLN10-050-050-100-3,50х50х3000,50,50,3000,IEK,м,305.18,-,OS,3
#504010101055,"IEK_NF_Лоток неперфорированный DEFAULT_L=3000_t=1,0","Лоток неперфорированный 50х100х3000-1,0 IEK",CLN10-050-100-100-3,50х100х3000,50,100,3000,IEK,м,410.79,-,OS,3
#504010101056,"IEK_NF_Лоток неперфорированный DEFAULT_L=3000_t=1,0","Лоток неперфорированный 50х150х3000-1,0 IEK",CLN10-050-150-100-3,50х150х3000,50,150,3000,IEK,м,449.14,-,OS,3
#504010101057,"IEK_NF_Лоток неперфорированный DEFAULT_L=3000_t=1,0","Лоток неперфорированный 50х200х3000-1,0 IEK",CLN10-050-200-100-3,50х200х3000,50,200,3000,IEK,м,527.93,-,OS,3
#504010101058,"IEK_NF_Лоток неперфорированный DEFAULT_L=3000_t=1,0","Лоток неперфорированный 50х300х3000-1,0 IEK",CLN10-050-300-100-3,50х300х3000,50,300,3000,IEK,м,681.05,-,OS,3
#504010101059,"IEK_NF_Лоток неперфорированный DEFAULT_L=3000_t=1,0","Лоток неперфорированный 80х80х3000-1,0 IEK",CLN10-080-080-100-3,80х80х3000,80,80,3000,IEK,м,491.25,-,OS,3
#504010101060,"IEK_NF_Лоток неперфорированный DEFAULT_L=3000_t=1,0","Лоток неперфорированный 80х100х3000-1,0 IEK",CLN10-080-100-100-3,80х100х3000,80,100,3000,IEK,м,526.74,-,OS,3
#504010101061,"IEK_NF_Лоток неперфорированный DEFAULT_L=3000_t=1,0","Лоток неперфорированный 80х150х3000-1,0 IEK",CLN10-080-150-100-3,80х150х3000,80,150,3000,IEK,м,613.99,-,OS,3
#504010101062,"IEK_NF_Лоток неперфорированный DEFAULT_L=3000_t=1,0","Лоток неперфорированный 80х200х3000-1,0 IEK",CLN10-080-200-100-3,80х200х3000,80,200,3000,IEK,м,704.57,-,OS,3
#504010101063,"IEK_NF_Лоток неперфорированный DEFAULT_L=3000_t=1,0","Лоток неперфорированный 80х300х3000-1,0 IEK",CLN10-080-300-100-3,80х300х3000,80,300,3000,IEK,м,877.61,-,OS,3
#504010101064,"IEK_NF_Лоток неперфорированный DEFAULT_L=3000_t=1,0","Лоток неперфорированный 100х100х3000-1,0 IEK",CLN10-100-100-100-3,100х100х3000,100,100,3000,IEK,м,633.28,-,OS,3
#504010101065,"IEK_NF_Лоток неперфорированный DEFAULT_L=3000_t=1,0","Лоток неперфорированный 100х150х3000-1,0 IEK",CLN10-100-150-100-3,100х150х3000,100,150,3000,IEK,м,726.01,-,OS,3
#504010101066,"IEK_NF_Лоток неперфорированный DEFAULT_L=3000_t=1,0","Лоток неперфорированный 100х200х3000-1,0 IEK",CLN10-100-200-100-3,100х200х3000,100,200,3000,IEK,м,819.3,-,OS,3
#504010101067,"IEK_NF_Лоток неперфорированный DEFAULT_L=3000_t=1,2","Лоток неперфорированный 50х50х3000 толщ. 1,2 мм IEK",CLN10-050-050-120-3,50х50х3000,50,50,3000,IEK,м,404,-,OS,3
#504010101068,"IEK_NF_Лоток неперфорированный DEFAULT_L=3000_t=1,2","Лоток неперфорированный 50х100х3000 толщ. 1,2 мм IEK",CLN10-050-100-120-3,50х100х3000,50,100,3000,IEK,м,499.85,-,OS,3
#504010101069,"IEK_NF_Лоток неперфорированный DEFAULT_L=3000_t=1,2","Лоток неперфорированный 50х150х3000-1,2 IEK",CLN10-050-150-120-3,50х150х3000,50,150,3000,IEK,м,534.91,-,OS,3
#504010101070,"IEK_NF_Лоток неперфорированный DEFAULT_L=3000_t=1,2","Лоток неперфорированный 50х200х3000-1,2 IEK",CLN10-050-200-120-3,50х200х3000,50,200,3000,IEK,м,627.31,-,OS,3
#504010101071,"IEK_NF_Лоток неперфорированный DEFAULT_L=3000_t=1,2","Лоток неперфорированный 50х300х3000-1,2 IEK",CLN10-050-300-120-3,50х300х3000,50,300,3000,IEK,м,811.7,-,OS,3
#504010101072,"IEK_NF_Лоток неперфорированный DEFAULT_L=3000_t=1,2","Лоток неперфорированный 50х400х3000-1,2 IEK",CLN10-050-400-120-3,50х400х3000,50,400,3000,IEK,м,989.77,-,OS,3
#504010101073,"IEK_NF_Лоток неперфорированный DEFAULT_L=3000_t=1,2","Лоток неперфорированный 80х80х3000-1,2 IEK",CLN10-080-080-120-3,80х80х3000,80,80,3000,IEK,м,584.03,-,OS,3
#504010101074,"IEK_NF_Лоток неперфорированный DEFAULT_L=3000_t=1,2","Лоток неперфорированный 80х100х3000-1,2 IEK",CLN10-080-100-120-3,80х100х3000,80,100,3000,IEK,м,626.17,-,OS,3
#504010101075,"IEK_NF_Лоток неперфорированный DEFAULT_L=3000_t=1,2","Лоток неперфорированный 80х150х3000-1,2 IEK",CLN10-080-150-120-3,80х150х3000,80,150,3000,IEK,м,731.1,-,OS,3
#504010101076,"IEK_NF_Лоток неперфорированный DEFAULT_L=3000_t=1,2","Лоток неперфорированный 80х200х3000-1,2 IEK",CLN10-080-200-120-3,80х200х3000,80,200,3000,IEK,м,837.12,-,OS,3
#504010101077,"IEK_NF_Лоток неперфорированный DEFAULT_L=3000_t=1,2","Лоток неперфорированный 80х300х3000-1,2 IEK",CLN10-080-300-120-3,80х300х3000,80,300,3000,IEK,м,1045.55,-,OS,3
#504010101078,"IEK_NF_Лоток неперфорированный DEFAULT_L=3000_t=1,2","Лоток неперфорированный 80х400х3000-1,2 IEK",CLN10-080-400-120-3,80х400х3000,80,400,3000,IEK,м,1113.32,-,OS,3
#504010101079,"IEK_NF_Лоток неперфорированный DEFAULT_L=3000_t=1,2","Лоток неперфорированный 100х100х3000 толщ. 1,2 мм IEK",CLN10-100-100-120-3,100х100х3000,100,100,3000,IEK,м,849.69,-,OS,3
#504010101080,"IEK_NF_Лоток неперфорированный DEFAULT_L=3000_t=1,2","Лоток неперфорированный 100х150х3000-1,2 IEK",CLN10-100-150-120-3,100х150х3000,100,150,3000,IEK,м,864.06,-,OS,3
#504010101081,"IEK_NF_Лоток неперфорированный DEFAULT_L=3000_t=1,2","Лоток неперфорированный 100х200х3000-1,2 IEK",CLN10-100-200-120-3,100х200х3000,100,200,3000,IEK,м,976.01,-,OS,3
#504010101082,"IEK_NF_Лоток неперфорированный DEFAULT_L=3000_t=1,2","Лоток неперфорированный 100х300х3000-1,2 IEK",CLN10-100-300-120-3,100х300х3000,100,300,3000,IEK,м,1186.79,-,OS,3
#504010102001,IEK_NF_Лоток неперфорированный HDZ_L=3000,Лоток неперфорированный 50х50х3000 IEK HDZ,CLN10-050-050-3-M-HDZ,50х50х3000,50,50,3000,IEK,м,564.25,-,HDZ,3
#504010102002,IEK_NF_Лоток неперфорированный HDZ_L=3000,Лоток неперфорированный 50х100х3000 IEK HDZ,CLN10-050-100-3-M-HDZ,50х100х3000,50,100,3000,IEK,м,706.89,-,HDZ,3
#504010102003,IEK_NF_Лоток неперфорированный HDZ_L=3000,Лоток неперфорированный 50х150х3000 IEK HDZ,CLN10-050-150-3-M-HDZ,50х150х3000,50,150,3000,IEK,м,861.94,-,HDZ,3
#504010102004,IEK_NF_Лоток неперфорированный HDZ_L=3000,Лоток неперфорированный 50х200х3000 IEK HDZ,CLN10-050-200-3-M-HDZ,50х200х3000,50,200,3000,IEK,м,1007.25,-,HDZ,3
#504010102005,IEK_NF_Лоток неперфорированный HDZ_L=3000,Лоток неперфорированный 50х300х3000 IEK HDZ,CLN10-050-300-3-M-HDZ,50х300х3000,50,300,3000,IEK,м,1490.84,-,HDZ,3
#504010102006,IEK_NF_Лоток неперфорированный HDZ_L=3000,Лоток неперфорированный 50х400х3000 IEK HDZ,CLN10-050-400-3-M-HDZ,50х400х300,50,400,300,IEK,м,1859.36,-,HDZ,3
#504010102007,IEK_NF_Лоток неперфорированный HDZ_L=3000,Лоток неперфорированный 50х500х3000 IEK HDZ,CLN10-050-500-3-M-HDZ,50х500х3000,50,500,3000,IEK,м,2303.88,-,HDZ,3
#504010102008,IEK_NF_Лоток неперфорированный HDZ_L=3000,Лоток неперфорированный 50х600х3000 HDZ IEK,CLN10-050-600-3-M-HDZ,50х600х3000,50,600,3000,IEK,м,2874.95,-,HDZ,3
#504010102009,IEK_NF_Лоток неперфорированный HDZ_L=3000,Лоток неперфорированный 80х80х3000 HDZ IEK,CLN10-080-080-3-M-HDZ,80х80х3000 ,80,80,3000,IEK,м,857.34,-,HDZ,3
#504010102010,IEK_NF_Лоток неперфорированный HDZ_L=3000,Лоток неперфорированный 80х100х3000 IEK HDZ,CLN10-080-100-3-M-HDZ,80х100х3000,80,100,3000,IEK,м,902.46,-,HDZ,3
#504010102011,IEK_NF_Лоток неперфорированный HDZ_L=3000,Лоток неперфорированный 80х150х3000 IEK HDZ,CLN10-080-150-3-M-HDZ,80х150х3000,80,150,3000,IEK,м,1086.64,-,HDZ,3
#504010102012,IEK_NF_Лоток неперфорированный HDZ_L=3000,Лоток неперфорированный 80х200х3000 IEK HDZ,CLN10-080-200-3-M-HDZ,80х200х3000,80,200,3000,IEK,м,1078.78,-,HDZ,3
#504010102013,IEK_NF_Лоток неперфорированный HDZ_L=3000,Лоток неперфорированный 80х300х3000 IEK HDZ,CLN10-080-300-3-M-HDZ,80х300х3000,80,300,3000,IEK,м,1518.97,-,HDZ,3
#504010102014,IEK_NF_Лоток неперфорированный HDZ_L=3000,Лоток неперфорированный 80х400х3000 IEK HDZ,CLN10-080-400-3-M-HDZ,80х400х300,80,400,300,IEK,м,1917.13,-,HDZ,3
#504010102015,IEK_NF_Лоток неперфорированный HDZ_L=3000,Лоток неперфорированный 80х500х3000 IEK HDZ,CLN10-080-500-3-M-HDZ,80х500х3000,80,500,3000,IEK,м,2471.22,-,HDZ,3
#504010102016,IEK_NF_Лоток неперфорированный HDZ_L=3000,Лоток неперфорированный 80х600х3000 HDZ IEK,CLN10-080-600-3-M-HDZ,80х600х3000,80,600,3000,IEK,м,3259.33,-,HDZ,3
#504010102017,IEK_NF_Лоток неперфорированный HDZ_L=3000,Лоток неперфорированный 100х100х3000 IEK HDZ,CLN10-100-100-3-M-HDZ,100х100х3000,100,100,3000,IEK,м,1244.81,-,HDZ,3
#504010102018,IEK_NF_Лоток неперфорированный HDZ_L=3000,Лоток неперфорированный 100х150х3000 IEK HDZ,CLN10-100-150-3-M-HDZ,100х150х3000,100,150,3000,IEK,м,1428.84,-,HDZ,3
#504010102019,IEK_NF_Лоток неперфорированный HDZ_L=3000,Лоток неперфорированный 100х200х3000 IEK HDZ,CLN10-100-200-3-M-HDZ,100х200х3000,100,200,3000,IEK,м,1584.42,-,HDZ,3
#504010102020,IEK_NF_Лоток неперфорированный HDZ_L=3000,Лоток неперфорированный 100х300х3000 IEK HDZ,CLN10-100-300-3-M-HDZ,100х300х3000,100,300,3000,IEK,м,2134.03,-,HDZ,3
#504010102021,IEK_NF_Лоток неперфорированный HDZ_L=3000,Лоток неперфорированный 100х400х3000 IEK HDZ,CLN10-100-400-3-M-HDZ,100х400х3000,100,400,3000,IEK,м,2664.59,-,HDZ,3
#504010102022,IEK_NF_Лоток неперфорированный HDZ_L=3000,Лоток неперфорированный 100х500х3000 IEK HDZ,CLN10-100-500-3-M-HDZ,100х500х3000,100,500,3000,IEK,м,3000.81,-,HDZ,3
#504010102023,IEK_NF_Лоток неперфорированный HDZ_L=3000,Лоток неперфорированный 100х600х3000 HDZ IEK,CLN10-100-600-3-M-HDZ,100х600х3000,100,600,3000,IEK,м,3957.89,-,HDZ,3
#504010102024,IEK_NF_Лоток неперфорированный HDZ_L=2000,Лоток неперфорированный 50х50х2000 HDZ IEK,CLN10-050-050-2-M-HDZ,50х50х2000,50,50,2000,IEK,м,564.25,-,HDZ,2
#504010102025,IEK_NF_Лоток неперфорированный HDZ_L=2000,Лоток неперфорированный 50х100х2000 HDZ IEK,CLN10-050-100-2-M-HDZ,50х100х2000,50,100,2000,IEK,м,706.9,-,HDZ,2
#504010102026,IEK_NF_Лоток неперфорированный HDZ_L=2000,Лоток неперфорированный 50х150х2000 HDZ IEK,CLN10-050-150-2-M-HDZ,50х150х2000,50,150,2000,IEK,м,861.94,-,HDZ,2
#504010102027,IEK_NF_Лоток неперфорированный HDZ_L=2000,Лоток неперфорированный 50х200х2000 HDZ IEK,CLN10-050-200-2-M-HDZ,50х200х2000,50,200,2000,IEK,м,1007.26,-,HDZ,2
#504010102028,IEK_NF_Лоток неперфорированный HDZ_L=2000,Лоток неперфорированный 50х300х2000 HDZ IEK,CLN10-050-300-2-M-HDZ,50х300х2000,50,300,2000,IEK,м,1490.84,-,HDZ,2
#504010102029,IEK_NF_Лоток неперфорированный HDZ_L=2000,Лоток неперфорированный 50х400х2000 HDZ IEK,CLN10-050-400-2-M-HDZ,50х400х2000,50,400,2000,IEK,м,1859.36,-,HDZ,2
#504010102030,IEK_NF_Лоток неперфорированный HDZ_L=2000,Лоток неперфорированный 50х500х2000 HDZ IEK,CLN10-050-500-2-M-HDZ,50х500х2000,50,500,2000,IEK,м,2303.88,-,HDZ,2
#504010102031,IEK_NF_Лоток неперфорированный HDZ_L=2000,Лоток неперфорированный 50х600х2000 HDZ IEK,CLN10-050-600-2-M-HDZ,50х600х2000,50,600,2000,IEK,м,2874.95,-,HDZ,2
#504010102032,IEK_NF_Лоток неперфорированный HDZ_L=2000,Лоток неперфорированный 80х80х2000 HDZ IEK,CLN10-080-080-2-M-HDZ,80х80х2000 ,80,80,2000,IEK,м,857.34,-,HDZ,2
#504010102033,IEK_NF_Лоток неперфорированный HDZ_L=2000,Лоток неперфорированный 80х100х2000 HDZ IEK,CLN10-080-100-2-M-HDZ,80х100х2000,80,100,2000,IEK,м,902.46,-,HDZ,2
#504010102034,IEK_NF_Лоток неперфорированный HDZ_L=2000,Лоток неперфорированный 80х150х2000 HDZ IEK,CLN10-080-150-2-M-HDZ,80х150х2000,80,150,2000,IEK,м,1086.64,-,HDZ,2
#504010102035,IEK_NF_Лоток неперфорированный HDZ_L=2000,Лоток неперфорированный 80х200х2000 HDZ IEK,CLN10-080-200-2-M-HDZ,80х200х2000,80,200,2000,IEK,м,1225.88,-,HDZ,2
#504010102036,IEK_NF_Лоток неперфорированный HDZ_L=2000,Лоток неперфорированный 80х300х2000 HDZ IEK,CLN10-080-300-2-M-HDZ,80х300х2000,80,300,2000,IEK,м,1518.97,-,HDZ,2
#504010102037,IEK_NF_Лоток неперфорированный HDZ_L=2000,Лоток неперфорированный 80х400х2000 HDZ IEK,CLN10-080-400-2-M-HDZ,80х400х2000,80,400,2000,IEK,м,1917.13,-,HDZ,2
#504010102038,IEK_NF_Лоток неперфорированный HDZ_L=2000,Лоток неперфорированный 80х500х2000 HDZ IEK,CLN10-080-500-2-M-HDZ,80х500х2000,80,500,2000,IEK,м,2471.22,-,HDZ,2
#504010102039,IEK_NF_Лоток неперфорированный HDZ_L=2000,Лоток неперфорированный 80х600х2000 HDZ IEK,CLN10-080-600-2-M-HDZ,80х600х2000,80,600,2000,IEK,м,3259.33,-,HDZ,2
#504010102040,IEK_NF_Лоток неперфорированный HDZ_L=2000,Лоток неперфорированный 100х100х2000 HDZ IEK,CLN10-100-100-2-M-HDZ,100х100х2000,100,100,2000,IEK,м,1244.81,-,HDZ,2
#504010102041,IEK_NF_Лоток неперфорированный HDZ_L=2000,Лоток неперфорированный 100х150х2000 HDZ IEK,CLN10-100-150-2-M-HDZ,100х150х2000,100,150,2000,IEK,м,1428.84,-,HDZ,2
#504010102042,IEK_NF_Лоток неперфорированный HDZ_L=2000,Лоток неперфорированный 100х200х2000 HDZ IEK,CLN10-100-200-2-M-HDZ,100х200х2000,100,200,2000,IEK,м,1584.42,-,HDZ,2
#504010102043,IEK_NF_Лоток неперфорированный HDZ_L=2000,Лоток неперфорированный 100х300х2000 HDZ IEK,CLN10-100-300-2-M-HDZ,100х300х2000,100,300,2000,IEK,м,2134.03,-,HDZ,2
#504010102044,IEK_NF_Лоток неперфорированный HDZ_L=2000,Лоток неперфорированный 100х400х2000 HDZ IEK,CLN10-100-400-2-M-HDZ,100х400х2000,100,400,2000,IEK,м,2664.59,-,HDZ,2
#504010102045,IEK_NF_Лоток неперфорированный HDZ_L=2000,Лоток неперфорированный 100х500х2000 HDZ IEK,CLN10-100-500-2-M-HDZ,100х500х2000,100,500,2000,IEK,м,3000.82,-,HDZ,2
#504010102046,IEK_NF_Лоток неперфорированный HDZ_L=2000,Лоток неперфорированный 100х600х2000 HDZ IEK,CLN10-100-600-2-M-HDZ,100х600х2000,100,600,2000,IEK,м,3482.94,-,HDZ,2
#504010102047,"IEK_NF_Лоток неперфорированный HDZ_L=3000_t=1,0","Лоток неперфорированный 50х50х3000-1,0 HDZ IEK",CLN10-050-050-100-3-M-HDZ,50х50х3000,50,50,3000,IEK,м,629.75,-,HDZ,3
#504010102048,"IEK_NF_Лоток неперфорированный HDZ_L=3000_t=1,0","Лоток неперфорированный 50х100х3000-1,0 HDZ IEK",CLN10-050-100-100-3-M-HDZ,50х100х3000,50,100,3000,IEK,м,789.02,-,HDZ,3
#504010102049,"IEK_NF_Лоток неперфорированный HDZ_L=3000_t=1,0","Лоток неперфорированный 50х150х3000-1,0 HDZ IEK",CLN10-050-150-100-3-M-HDZ,50х150х3000,50,150,3000,IEK,м,933.85,-,HDZ,3
#504010102050,"IEK_NF_Лоток неперфорированный HDZ_L=3000_t=1,0","Лоток неперфорированный 50х200х3000-1,0 HDZ IEK",CLN10-050-200-100-3-M-HDZ,50х200х3000,50,200,3000,IEK,м,1091.33,-,HDZ,3
#504010102051,"IEK_NF_Лоток неперфорированный HDZ_L=3000_t=1,0","Лоток неперфорированный 50х300х3000-1,0 HDZ IEK",CLN10-050-300-100-3-M-HDZ,50х300х3000,50,300,3000,IEK,м,1663.59,-,HDZ,3
#504010102052,"IEK_NF_Лоток неперфорированный HDZ_L=3000_t=1,0","Лоток неперфорированный 80х80х3000-1,0 HDZ IEK",CLN10-080-080-100-3-M-HDZ,80х80х3000,80,80,3000,IEK,м,981.69,-,HDZ,3
#504010102053,"IEK_NF_Лоток неперфорированный HDZ_L=3000_t=1,0","Лоток неперфорированный 80х100х3000-1,0 HDZ IEK",CLN10-080-100-100-3-M-HDZ,80х100х3000,80,100,3000,IEK,м,1007.12,-,HDZ,3
#504010102054,"IEK_NF_Лоток неперфорированный HDZ_L=3000_t=1,0","Лоток неперфорированный 80х150х3000-1,0 HDZ IEK",CLN10-080-150-100-3-M-HDZ,80х150х3000,80,150,3000,IEK,м,1212.72,-,HDZ,3
#504010102055,"IEK_NF_Лоток неперфорированный HDZ_L=3000_t=1,0","Лоток неперфорированный 80х200х3000-1,0 HDZ IEK",CLN10-080-200-100-3-M-HDZ,80х200х3000,80,200,3000,IEK,м,1368.12,-,HDZ,3
#504010102056,"IEK_NF_Лоток неперфорированный HDZ_L=3000_t=1,0","Лоток неперфорированный 80х300х3000-1,0 HDZ IEK",CLN10-080-300-100-3-M-HDZ,80х300х3000,80,300,3000,IEK,м,1695.15,-,HDZ,3
#504010102057,"IEK_NF_Лоток неперфорированный HDZ_L=3000_t=1,0","Лоток неперфорированный 100х100х3000-1,0 HDZ IEK",CLN10-100-100-100-3-M-HDZ,100х100х3000,100,100,3000,IEK,м,1389.24,-,HDZ,3
#504010102058,"IEK_NF_Лоток неперфорированный HDZ_L=3000_t=1,0","Лоток неперфорированный 100х150х3000-1,0 HDZ IEK",CLN10-100-150-100-3-M-HDZ,100х150х3000,100,150,3000,IEK,м,1594.6,-,HDZ,3
#504010102059,"IEK_NF_Лоток неперфорированный HDZ_L=3000_t=1,0","Лоток неперфорированный 100х200х3000-1,0 HDZ IEK",CLN10-100-200-100-3-M-HDZ,100х200х3000,100,200,3000,IEK,м,1768.29,-,HDZ,3
#504010102060,"IEK_NF_Лоток неперфорированный HDZ_L=3000_t=1,2","Лоток неперфорированный 50х50х3000-1,2 HDZ IEK",CLN10-050-050-120-3-M-HDZ,50х50х3000,50,50,3000,IEK,м,664.05,-,HDZ,3
#504010102061,"IEK_NF_Лоток неперфорированный HDZ_L=3000_t=1,2","Лоток неперфорированный 50х100х3000-1,2 HDZ IEK",CLN10-050-100-120-3-M-HDZ,50х100х3000,50,100,3000,IEK,м,831.95,-,HDZ,3
#504010102062,"IEK_NF_Лоток неперфорированный HDZ_L=3000_t=1,2","Лоток неперфорированный 50х150х3000-1,2 HDZ IEK",CLN10-050-150-120-3-M-HDZ,50х150х3000,50,150,3000,IEK,м,984.9,-,HDZ,3
#504010102063,"IEK_NF_Лоток неперфорированный HDZ_L=3000_t=1,2","Лоток неперфорированный 50х200х3000-1,2 HDZ IEK",CLN10-050-200-120-3-M-HDZ,50х200х3000,50,200,3000,IEK,м,1150.88,-,HDZ,3
#504010102064,"IEK_NF_Лоток неперфорированный HDZ_L=3000_t=1,2","Лоток неперфорированный 50х300х3000-1,2 HDZ IEK",CLN10-050-300-120-3-M-HDZ,50х300х3000,50,300,3000,IEK,м,1754.55,-,HDZ,3
#504010102065,"IEK_NF_Лоток неперфорированный HDZ_L=3000_t=1,2","Лоток неперфорированный 50х400х3000-1,2 HDZ IEK",CLN10-050-400-120-3-M-HDZ,50х400х3000,50,400,3000,IEK,м,2188.13,-,HDZ,3
#504010102066,"IEK_NF_Лоток неперфорированный HDZ_L=3000_t=1,2","Лоток неперфорированный 80х80х3000-1,2 HDZ IEK",CLN10-080-080-120-3-M-HDZ,80х80х3000,80,80,3000,IEK,м,1035.24,-,HDZ,3
#504010102067,"IEK_NF_Лоток неперфорированный HDZ_L=3000_t=1,2","Лоток неперфорированный 80х100х3000-1,2 HDZ IEK",CLN10-080-100-120-3-M-HDZ,80х100х3000,80,100,3000,IEK,м,1062.37,-,HDZ,3
#504010102068,"IEK_NF_Лоток неперфорированный HDZ_L=3000_t=1,2","Лоток неперфорированный 80х150х3000-1,2 HDZ IEK",CLN10-080-150-120-3-M-HDZ,80х150х3000,80,150,3000,IEK,м,1278.85,-,HDZ,3
#504010102069,"IEK_NF_Лоток неперфорированный HDZ_L=3000_t=1,2","Лоток неперфорированный 80х200х3000-1,2 HDZ IEK",CLN10-080-200-120-3-M-HDZ,80х200х3000,80,200,3000,IEK,м,1442.79,-,HDZ,3
#504010102070,"IEK_NF_Лоток неперфорированный HDZ_L=3000_t=1,2","Лоток неперфорированный 80х300х3000-1,2 HDZ IEK",CLN10-080-300-120-3-M-HDZ,80х300х3000,80,300,3000,IEK,м,1787.58,-,HDZ,3
#504010102071,"IEK_NF_Лоток неперфорированный HDZ_L=3000_t=1,2","Лоток неперфорированный 80х400х3000-1,2 HDZ IEK",CLN10-080-400-120-3-M-HDZ,80х400х3000,80,400,3000,IEK,м,2256.24,-,HDZ,3
#504010102072,"IEK_NF_Лоток неперфорированный HDZ_L=3000_t=1,2","Лоток неперфорированный 100х100х3000-1,2 HDZ IEK",CLN10-100-100-120-3-M-HDZ,100х100х3000,100,100,3000,IEK,м,1465.12,-,HDZ,3
#504010102073,"IEK_NF_Лоток неперфорированный HDZ_L=3000_t=1,2","Лоток неперфорированный 100х150х3000-1,2 HDZ IEK",CLN10-100-150-120-3-M-HDZ,100х150х3000,100,150,3000,IEK,м,1681.55,-,HDZ,3
#504010102074,"IEK_NF_Лоток неперфорированный HDZ_L=3000_t=1,2","Лоток неперфорированный 100х200х3000-1,2 HDZ IEK",CLN10-100-200-120-3-M-HDZ,100х200х3000,100,200,3000,IEK,м,1864.68,-,HDZ,3
#504010102075,"IEK_NF_Лоток неперфорированный HDZ_L=3000_t=1,2","Лоток неперфорированный 100х300х3000-1,2 HDZ IEK",CLN10-100-300-120-3-M-HDZ,100х300х3000,100,300,3000,IEK,м,2511.41,-,HDZ,3
#504010103001,IEK_NF_Лоток неперфорированный RAL_L=3000,Лоток крашенный неперфорированный 35х50х3000 ИЭК,CLNK10-035-050-3,35х50х3000,35,50,3000,IEK,м,348.24,-,HDZ,3
#504010103002,IEK_NF_Лоток неперфорированный RAL_L=3000,Лоток крашенный неперфорированный 35х150х3000 ИЭК,CLNK10-035-150-3,35х150х3000,35,150,3000,IEK,м,626.95,-,HDZ,3
#504010103003,IEK_NF_Лоток неперфорированный RAL_L=3000,Лоток крашенный неперфорированный 35х200х3000 ИЭК,CLNK10-035-200-3,35х200х3000,35,200,3000,IEK,м,657.15,-,HDZ,3
#504010103004,IEK_NF_Лоток неперфорированный RAL_L=3000,Лоток крашенный неперфорированный 35х300х3000 ИЭК,CLNK10-035-300-3,35х300х3000,35,300,3000,IEK,м,830.14,-,HDZ,3
#504010103005,IEK_NF_Лоток неперфорированный RAL_L=3000,Лоток крашенный неперфорированный 50х50х3000 ИЭК,CLNK10-050-050-3,50х50х3000,50,50,3000,IEK,м,357.12,-,HDZ,3
#504010103006,IEK_NF_Лоток неперфорированный RAL_L=3000,Лоток крашенный неперфорированный 50х100х3000 ИЭК,CLNK10-050-100-3,50х100х3000,50,100,3000,IEK,м,417.96,-,HDZ,3
#504010103007,IEK_NF_Лоток неперфорированный RAL_L=3000,Лоток крашенный неперфорированный 50х150х3000 ИЭК,CLNK10-050-150-3,50х150х3000,50,150,3000,IEK,м,644.73,-,HDZ,3
#504010103008,IEK_NF_Лоток неперфорированный RAL_L=3000,Лоток крашенный неперфорированный 50х200х3000 ИЭК,CLNK10-050-200-3,50х200х3000,50,200,3000,IEK,м,675.89,-,HDZ,3
#504010103009,IEK_NF_Лоток неперфорированный RAL_L=3000,Лоток крашенный неперфорированный 50х300х3000 ИЭК,CLNK10-050-300-3,50х300х3000,50,300,3000,IEK,м,913.52,-,HDZ,3
#504010103010,IEK_NF_Лоток неперфорированный RAL_L=3000,Лоток крашенный неперфорированный 50х400х3000 ИЭК,CLNK10-050-400-3,50х400х3000,50,400,3000,IEK,м,1264.9,-,HDZ,3
#504010103011,IEK_NF_Лоток неперфорированный RAL_L=3000,Лоток крашенный неперфорированный 50х500х3000 ИЭК,CLNK10-050-500-3,50х500х3000,50,500,3000,IEK,м,1960.42,-,HDZ,3
#504010103012,IEK_NF_Лоток неперфорированный RAL_L=3000,Лоток крашенный неперфорированный 80х100х3000 ИЭК,CLNK10-080-100-3,80х100х3000,80,100,3000,IEK,м,780.31,-,HDZ,3
#504010103013,IEK_NF_Лоток неперфорированный RAL_L=3000,Лоток крашенный неперфорированный 80х150х3000 ИЭК,CLNK10-080-150-3,80х150х3000,80,150,3000,IEK,м,898.22,-,HDZ,3
#504010103014,IEK_NF_Лоток неперфорированный RAL_L=3000,Лоток крашенный неперфорированный 80х200х3000 ИЭК,CLNK10-080-200-3,80х200х3000,80,200,3000,IEK,м,1020.16,-,HDZ,3
#504010103015,IEK_NF_Лоток неперфорированный RAL_L=3000,Лоток крашенный неперфорированный 80х300х3000 ИЭК,CLNK10-080-300-3,80х300х3000,80,300,3000,IEK,м,1249.37,-,HDZ,3
#504010103016,IEK_NF_Лоток неперфорированный RAL_L=3000,Лоток крашенный неперфорированный 80х400х3000 ИЭК,CLNK10-080-400-3,80х400х3000,80,400,3000,IEK,м,1775.29,-,HDZ,3
#504010103017,IEK_NF_Лоток неперфорированный RAL_L=3000,Лоток крашенный неперфорированный 80х500х3000 ИЭК,CLNK10-080-500-3,80х500х3000,80,500,3000,IEK,м,2195.61,-,HDZ,3
#504010103018,IEK_NF_Лоток неперфорированный RAL_L=3000,Лоток крашенный неперфорированный 100х100х3000 ИЭК,CLNK10-100-100-3,100х100х3000,100,100,3000,IEK,м,848.31,-,HDZ,3
#504010103019,IEK_NF_Лоток неперфорированный RAL_L=3000,Лоток крашенный неперфорированный 100х150х3000 ИЭК,CLNK10-100-150-3,100х150х3000,100,150,3000,IEK,м,1111.83,-,HDZ,3
#504010103020,IEK_NF_Лоток неперфорированный RAL_L=3000,Лоток крашенный неперфорированный 100х200х3000 ИЭК,CLNK10-100-200-3,100х200х3000,100,200,3000,IEK,м,1224.66,-,HDZ,3
#504010103021,IEK_NF_Лоток неперфорированный RAL_L=3000,Лоток крашенный неперфорированный 100х300х3000 ИЭК,CLNK10-100-300-3,100х300х3000,100,300,3000,IEK,м,1688.53,-,HDZ,3
#504010103022,IEK_NF_Лоток неперфорированный RAL_L=3000,Лоток крашенный неперфорированный 100х400х3000 ИЭК,CLNK10-100-400-3,100х400х3000,100,400,3000,IEK,м,2378.62,-,HDZ,3
#504010103023,IEK_NF_Лоток неперфорированный RAL_L=3000,Лоток крашенный неперфорированный 100х500х3000 ИЭК,CLNK10-100-500-3,100х500х3000,100,500,3000,IEK,м,2573.24,-,HDZ,3
#504030300001,IEK_PR_Лоток проволочный INOX,Лоток проволочный 35х100 INOX,CLWG10-035-100-3-INOX,35х100х3000,35,100,3000,IEK,м,143.19,-,NS,3
#504030300002,IEK_PR_Лоток проволочный INOX,Лоток проволочный 35х200 INOX,CLWG10-035-200-3-INOX,35х200х3000,35,200,3000,IEK,м,204.3675,-,NS,3
#504030300003,IEK_PR_Лоток проволочный INOX,Лоток проволочный 35х300 INOX,CLWG10-035-300-3-INOX,35х300х3000,35,300,3000,IEK,м,304.35,-,NS,3
#504030300004,IEK_PR_Лоток проволочный INOX,Лоток проволочный 35х400 INOX,CLWG10-035-400-3-INOX,35х400х3000,35,400,3000,IEK,м,415.155,-,NS,3
#504030300005,IEK_PR_Лоток проволочный INOX,Лоток проволочный 35х500 INOX,CLWG10-035-500-3-INOX,35х500х3000,35,500,3000,IEK,м,567.3825,-,NS,3
#504030300006,IEK_PR_Лоток проволочный INOX,Лоток проволочный 50х80 INOX,CLWG10-060-060-3-INOX,50х80х3000,50,80,3000,IEK,м,143.19,-,NS,3
#504030300007,IEK_PR_Лоток проволочный INOX,Лоток проволочный 60х100 INOX,CLWG10-060-100-3-INOX,60х100х3000,60,100,3000,IEK,м,191.6325,-,NS,3
#504030300008,IEK_PR_Лоток проволочный INOX,Лоток проволочный 60х150 INOX,CLWG10-060-150-3-INOX,60х150х3000,60,150,3000,IEK,м,225.345,-,NS,3
#504030300009,IEK_PR_Лоток проволочный INOX,Лоток проволочный 60х200 INOX,CLWG10-060-200-3-INOX,60х200х3000,60,200,3000,IEK,м,254.01,-,NS,3
#504030300010,IEK_PR_Лоток проволочный INOX,Лоток проволочный 60х300 INOX,CLWG10-060-300-3-INOX,60х300х3000,60,300,3000,IEK,м,402.78,-,NS,3
#504030300011,IEK_PR_Лоток проволочный INOX,Лоток проволочный 60х400 INOX,CLWG10-060-400-3-INOX,60х400х3000,60,400,3000,IEK,м,500.4,-,NS,3
#504030300012,IEK_PR_Лоток проволочный INOX,Лоток проволочный 60х500 INOX,CLWG10-060-500-3-INOX,60х500х3000,60,500,3000,IEK,м,580.665,-,NS,3
#504030300013,IEK_PR_Лоток проволочный INOX,Лоток проволочный 85х100 INOX,CLWG10-085-100-3-INOX,85х100х3000,85,100,3000,IEK,м,697.1025,-,NS,3
#504030300014,IEK_PR_Лоток проволочный INOX,Лоток проволочный 85х150 INOX,CLWG10-085-150-3-INOX,85х150х3000,85,150,3000,IEK,м,251.31,-,NS,3
#504030300015,IEK_PR_Лоток проволочный INOX,Лоток проволочный 85х200 INOX,CLWG10-085-200-3-INOX,85х200х3000,85,200,3000,IEK,м,272.49,-,NS,3
#504030300016,IEK_PR_Лоток проволочный INOX,Лоток проволочный 85х300 INOX,CLWG10-085-300-3-INOX,85х300х3000,85,300,3000,IEK,м,308.025,-,NS,3
#504030300017,IEK_PR_Лоток проволочный INOX,Лоток проволочный 85х400 INOX,CLWG10-085-400-3-INOX,85х400х3000,85,400,3000,IEK,м,484.8675,-,NS,3
#504030300018,IEK_PR_Лоток проволочный INOX,Лоток проволочный 85х500 INOX,CLWG10-085-500-3-INOX,85х500х3000,85,500,3000,IEK,м,580.1025,-,NS,3
#504030300019,IEK_PR_Лоток проволочный INOX,Лоток проволочный 100х150 INOX,CLWG10-100-150-3-INOX,100х150х3000,100,150,3000,IEK,м,683.91,-,NS,3
#504030300020,IEK_PR_Лоток проволочный INOX,Лоток проволочный 100х200 INOX,CLWG10-100-200-3-INOX,100х200х3000,100,200,3000,IEK,м,782.1825,-,NS,3
#504030300021,IEK_PR_Лоток проволочный INOX,Лоток проволочный 100х300 INOX,CLWG10-100-300-3-INOX,100х300х3000,100,300,3000,IEK,м,328.2675,-,NS,3
#504030300022,IEK_PR_Лоток проволочный INOX,Лоток проволочный 100х400 INOX,CLWG10-100-400-3-INOX,100х400х3000,100,400,3000,IEK,м,386.745,-,NS,3
#504030300023,IEK_PR_Лоток проволочный INOX,Лоток проволочный 100х500 INOX,CLWG10-100-500-3-INOX,100х500х3000,100,500,3000,IEK,м,529.6575,-,NS,3
#504030100001,IEK_PR_Лоток проволочный IEK,Лоток проволочный 35х100 IEK,CLWG10-035-100-3,35х100х3000,35,100,3000,IEK,м,659.73,-,OS,3
#504030100002,IEK_PR_Лоток проволочный IEK,Лоток проволочный 35х200 IEK,CLWG10-035-200-3,35х200х3000,35,200,3000,IEK,м,742.185,-,OS,3
#504030100003,IEK_PR_Лоток проволочный IEK,Лоток проволочный 35х300 IEK,CLWG10-035-300-3,35х300х3000,35,300,3000,IEK,м,809.49,-,OS,3
#504030100004,IEK_PR_Лоток проволочный IEK,Лоток проволочный 35х400 IEK,CLWG10-035-400-3,35х400х3000,35,400,3000,IEK,м,889.65,-,OS,3
#504030100005,IEK_PR_Лоток проволочный IEK,Лоток проволочный 35х500 IEK,CLWG10-035-500-3,35х500х3000,35,500,3000,IEK,м,1154.43,-,OS,3
#504030100006,IEK_PR_Лоток проволочный IEK,Лоток проволочный 50х80 IEK,CLWG10-060-060-3,50х80х3000,50,80,3000,IEK,м,1545.3525,-,OS,3
#504030100007,IEK_PR_Лоток проволочный IEK,Лоток проволочный 60х100 IEK,CLWG10-060-100-3,60х100х3000,60,100,3000,IEK,м,2552.31,-,OS,3
#504030100008,IEK_PR_Лоток проволочный IEK,Лоток проволочный 60х150 IEK,CLWG10-060-150-3,60х150х3000,60,150,3000,IEK,м,2971.14,-,OS,3
#504030100009,IEK_PR_Лоток проволочный IEK,Лоток проволочный 60х200 IEK,CLWG10-060-200-3,60х200х3000,60,200,3000,IEK,м,931.3275,-,OS,3
#504030100010,IEK_PR_Лоток проволочный IEK,Лоток проволочный 60х300 IEK,CLWG10-060-300-3,60х300х3000,60,300,3000,IEK,м,959.0775,-,OS,3
#504030100011,IEK_PR_Лоток проволочный IEK,Лоток проволочный 60х400 IEK,CLWG10-060-400-3,60х400х3000,60,400,3000,IEK,м,1215.735,-,OS,3
#504030100012,IEK_PR_Лоток проволочный IEK,Лоток проволочный 60х500 IEK,CLWG10-060-500-3,60х500х3000,60,500,3000,IEK,м,1412.37,-,OS,3
#504030100013,IEK_PR_Лоток проволочный IEK,Лоток проволочный 60х600 IEK,CLWG10-060-600-3,60х600х3000,60,600,3000,IEK,м,1674.6525,-,OS,3
#504030100014,IEK_PR_Лоток проволочный IEK,Лоток проволочный 85х100 IEK,CLWG10-085-100-3,85х100х3000,85,100,3000,IEK,м,2931.87,-,OS,3
#504030100015,IEK_PR_Лоток проволочный IEK,Лоток проволочный 85х150 IEK,CLWG10-085-150-3,85х150х3000,85,150,3000,IEK,м,3496.05,-,OS,3
#504030100016,IEK_PR_Лоток проволочный IEK,Лоток проволочный 85х200 IEK,CLWG10-085-200-3,85х200х3000,85,200,3000,IEK,м,1265.805,-,OS,3
#504030100017,IEK_PR_Лоток проволочный IEK,Лоток проволочный 85х300 IEK,CLWG10-085-300-3,85х300х3000,85,300,3000,IEK,м,1322.3025,-,OS,3
#504030100018,IEK_PR_Лоток проволочный IEK,Лоток проволочный 85х400 IEK,CLWG10-085-400-3,85х400х3000,85,400,3000,IEK,м,1482.9,-,OS,3
#504030100019,IEK_PR_Лоток проволочный IEK,Лоток проволочный 85х500 IEK,CLWG10-085-500-3,85х500х3000,85,500,3000,IEK,м,3168.64,-,OS,3
#504030100020,IEK_PR_Лоток проволочный IEK,Лоток проволочный 85х600 IEK,CLWG10-085-600-3,85х600х3000,85,600,3000,IEK,м,3194.6325,-,OS,3
#504030100021,IEK_PR_Лоток проволочный IEK,Лоток проволочный 100х150 IEK,CLWG10-100-150-3,100х150х3000,100,150,3000,IEK,м,3791.4375,-,OS,3
#504030100022,IEK_PR_Лоток проволочный IEK,Лоток проволочный 100х200 IEK,CLWG10-100-200-3,100х200х3000,100,200,3000,IEK,м,1643.61,-,OS,3
#504030100023,IEK_PR_Лоток проволочный IEK,Лоток проволочный 100х300 IEK,CLWG10-100-300-3,100х300х3000,100,300,3000,IEK,м,1795.6275,-,OS,3
#504030100024,IEK_PR_Лоток проволочный IEK,Лоток проволочный 100х400 IEK,CLWG10-100-400-3,100х400х3000,100,400,3000,IEK,м,2899.4625,-,OS,3
#504030100025,IEK_PR_Лоток проволочный IEK,Лоток проволочный 100х500 IEK,CLWG10-100-500-3,100х500х3000,100,500,3000,IEK,м,3349.3125,-,OS,3
#504030100026,IEK_PR_Лоток проволочный IEK,Лоток проволочный 100х600 IEK,CLWG10-100-600-3,100х600х3000,100,600,3000,IEK,м,3864.435,-,OS,3
#504020101001,"IEK_LT_Лоток лестничный DEFAULT_L=3000_t=1,2","Лоток лестничный LESTA 55х200х3000-1,2 IEK",CLM40-055-200-3-120,55х200х3000,55,200,3000,IEK,м,510.5625,-,OS,3
#504020101002,"IEK_LT_Лоток лестничный DEFAULT_L=3000_t=1,2","Лоток лестничный LESTA 55х300х3000-1,2 IEK",CLM40-055-300-3-120,55х300х3000,55,300,3000,IEK,м,548.0175,-,OS,3
#504020101003,"IEK_LT_Лоток лестничный DEFAULT_L=3000_t=1,2","Лоток лестничный LESTA 55х400х3000-1,2 IEK",CLM40-055-400-3-120,55х400х3000,55,400,3000,IEK,м,580.995,-,OS,3
#504020101004,"IEK_LT_Лоток лестничный DEFAULT_L=3000_t=1,2","Лоток лестничный LESTA 55х500х3000-1,2 IEK",CLM40-055-500-3-120,55х500х3000,55,500,3000,IEK,м,616.215,-,OS,3
#504020101005,"IEK_LT_Лоток лестничный DEFAULT_L=3000_t=1,2","Лоток лестничный LESTA 55х600х3000-1,2 IEK",CLM40-055-600-3-120,55х600х3000,55,600,3000,IEK,м,651.39,-,OS,3
#504020101006,"IEK_LT_Лоток лестничный DEFAULT_L=3000_t=1,2","Лоток лестничный LESTA 80х200х3000-1,2 IEK",CLM40-080-200-3-120,80х200х3000,80,200,3000,IEK,м,734.04,-,OS,3
#504020101007,"IEK_LT_Лоток лестничный DEFAULT_L=3000_t=1,2","Лоток лестничный LESTA 80х300х3000-1,2 IEK",CLM40-080-300-3-120,80х300х3000,80,300,3000,IEK,м,768.9975,-,OS,3
#504020101008,"IEK_LT_Лоток лестничный DEFAULT_L=3000_t=1,2","Лоток лестничный LESTA 80х400х3000-1,2 IEK",CLM40-080-400-3-120,80х400х3000,80,400,3000,IEK,м,803.94,-,OS,3
#504020101009,"IEK_LT_Лоток лестничный DEFAULT_L=3000_t=1,2","Лоток лестничный LESTA 80х500х3000-1,2 IEK",CLM40-080-500-3-120,80х500х3000,80,500,3000,IEK,м,838.905,-,OS,3
#504020101010,"IEK_LT_Лоток лестничный DEFAULT_L=3000_t=1,2","Лоток лестничный LESTA 80х600х3000-1,2 IEK",CLM40-080-600-3-120,80х600х3000,80,600,3000,IEK,м,873.84,-,OS,3
#504020101011,"IEK_LT_Лоток лестничный DEFAULT_L=3000_t=1,2","Лоток лестничный LESTA 100х200х3000-1,2 IEK",CLM40-100-200-3-120,100х200х3000,100,200,3000,IEK,м,816.51,-,OS,3
#504020101012,"IEK_LT_Лоток лестничный DEFAULT_L=3000_t=1,2","Лоток лестничный LESTA 100х300х3000-1,2 IEK",CLM40-100-300-3-120,100х300х3000,100,300,3000,IEK,м,874.83,-,OS,3
#504020101013,"IEK_LT_Лоток лестничный DEFAULT_L=3000_t=1,2","Лоток лестничный LESTA 100х400х3000-1,2 IEK",CLM40-100-400-3-120,100х400х3000,100,400,3000,IEK,м,909.84,-,OS,3
#504020101014,"IEK_LT_Лоток лестничный DEFAULT_L=3000_t=1,2","Лоток лестничный LESTA 100х500х3000-1,2 IEK",CLM40-100-500-3-120,100х500х3000,100,500,3000,IEK,м,956.4825,-,OS,3
#504020101015,"IEK_LT_Лоток лестничный DEFAULT_L=3000_t=1,2","Лоток лестничный LESTA 100х600х3000-1,2 IEK",CLM40-100-600-3-120,100х600х3000,100,600,3000,IEK,м,1006.05,-,OS,3
#504020102001,"IEK_LT_Лоток лестничный DEFAULT_L=3000_t=1,5","Лоток лестничный LESTA 55х200х3000-1,5 IEK",CLM40-055-200-3-150, 50х200х3000,50,200,3000,IEK,м,600.375,-,OS,3
#504020102002,"IEK_LT_Лоток лестничный DEFAULT_L=3000_t=1,5","Лоток лестничный LESTA 55х300х3000-1,5 IEK",CLM40-055-300-3-150, 50х300х3000,50,300,3000,IEK,м,626.43,-,OS,3
#504020102003,"IEK_LT_Лоток лестничный DEFAULT_L=3000_t=1,5","Лоток лестничный LESTA 55х400х3000-1,5 IEK",CLM40-055-400-3-150, 50х400х3000,50,400,3000,IEK,м,675.7725,-,OS,3
#504020102004,"IEK_LT_Лоток лестничный DEFAULT_L=3000_t=1,5","Лоток лестничный LESTA 55х500х3000-1,5 IEK",CLM40-055-500-3-150, 50х500х3000,50,500,3000,IEK,м,764.6325,-,OS,3
#504020102005,"IEK_LT_Лоток лестничный DEFAULT_L=3000_t=1,5","Лоток лестничный LESTA 55х600х3000-1,5 IEK",CLM40-055-600-3-150, 50х600х3000,50,600,3000,IEK,м,821.925,-,OS,3
#504020102006,"IEK_LT_Лоток лестничный DEFAULT_L=3000_t=1,5","Лоток лестничный LESTA 80х200х3000-1,5 IEK",CLM40-080-200-3-150,80х200х3000,80,200,3000,IEK,м,840.525,-,OS,3
#504020102007,"IEK_LT_Лоток лестничный DEFAULT_L=3000_t=1,5","Лоток лестничный LESTA 80х300х3000-1,5 IEK",CLM40-080-300-3-150,80х300х3000,80,300,3000,IEK,м,856.065,-,OS,3
#504020102008,"IEK_LT_Лоток лестничный DEFAULT_L=3000_t=1,5","Лоток лестничный LESTA 80х400х3000-1,5 IEK",CLM40-080-400-3-150,80х400х3000,80,400,3000,IEK,м,914.8575,-,OS,3
#504020102009,"IEK_LT_Лоток лестничный DEFAULT_L=3000_t=1,5","Лоток лестничный LESTA 80х500х3000-1,5 IEK",CLM40-080-500-3-150,80х500х3000,80,500,3000,IEK,м,980.205,-,OS,3
#504020102010,"IEK_LT_Лоток лестничный DEFAULT_L=3000_t=1,5","Лоток лестничный LESTA 80х600х3000-1,5 IEK",CLM40-080-600-3-150,80х600х3000,80,600,3000,IEK,м,1029.21,-,OS,3
#504020102011,"IEK_LT_Лоток лестничный DEFAULT_L=3000_t=1,5","Лоток лестничный LESTA 100х200х3000-1,5 IEK",CLM40-100-200-3-150,100х200х3000,100,200,3000,IEK,м,960.6,-,OS,3
#504020102012,"IEK_LT_Лоток лестничный DEFAULT_L=3000_t=1,5","Лоток лестничный LESTA 100х300х3000-1,5 IEK",CLM40-100-300-3-150,100х300х3000,100,300,3000,IEK,м,1029.21,-,OS,3
#504020102013,"IEK_LT_Лоток лестничный DEFAULT_L=3000_t=1,5","Лоток лестничный LESTA 100х400х3000-1,5 IEK",CLM40-100-400-3-150,100х400х3000,100,400,3000,IEK,м,1070.385,-,OS,3
#504020102014,"IEK_LT_Лоток лестничный DEFAULT_L=3000_t=1,5","Лоток лестничный LESTA 100х500х3000-1,5 IEK",CLM40-100-500-3-150,100х500х3000,100,500,3000,IEK,м,1125.27,-,OS,3
#504020102015,"IEK_LT_Лоток лестничный DEFAULT_L=3000_t=1,5","Лоток лестничный LESTA 100х600х3000-1,5 IEK",CLM40-100-600-3-150,100х600х3000,100,600,3000,IEK,м,1183.59,-,OS,3
#504020102016,"IEK_LT_Лоток лестничный DEFAULT_L=3000_t=1,5","Лоток лестничный LESTA 150х200х3000-1,5 IEK",CLM40-150-200-3-150,150х200х3000,150,200,3000,IEK,м,2511.5025,-,OS,3
#504020102017,"IEK_LT_Лоток лестничный DEFAULT_L=3000_t=1,5","Лоток лестничный LESTA 150х300х3000-1,5 IEK",CLM40-150-300-3-150,150х300х3000,150,300,3000,IEK,м,2690.865,-,OS,3
#504020102018,"IEK_LT_Лоток лестничный DEFAULT_L=3000_t=1,5","Лоток лестничный LESTA 150х400х3000-1,5 IEK",CLM40-150-400-3-150,150х400х3000,150,400,3000,IEK,м,2870.265,-,OS,3
#504020102019,"IEK_LT_Лоток лестничный DEFAULT_L=3000_t=1,5","Лоток лестничный LESTA 150х500х3000-1,5 IEK",CLM40-150-500-3-150,150х500х3000,150,500,3000,IEK,м,3049.6575,-,OS,3
#504020102020,"IEK_LT_Лоток лестничный DEFAULT_L=3000_t=1,5","Лоток лестничный LESTA 150х600х3000-1,5 IEK",CLM40-150-600-3-150,150х600х3000,150,600,3000,IEK,м,3229.0725,-,OS,3
#504020201001,"IEK_LT_Лоток лестничный HDZ_L=3000_t=1,2","Лоток лестничный LESTA 55х200х3000-1,2 HDZ IEK",CLM40-055-200-3-120-HDZ,55х200х3000,55,200,3000,IEK,м,715.9575,-,HDZ,3
#504020201002,"IEK_LT_Лоток лестничный HDZ_L=3000_t=1,2","Лоток лестничный LESTA 55х300х3000-1,2 HDZ IEK",CLM40-055-300-3-120-HDZ,55х300х3000,55,300,3000,IEK,м,805.17,-,HDZ,3
#504020201003,"IEK_LT_Лоток лестничный HDZ_L=3000_t=1,2","Лоток лестничный LESTA 55х400х3000-1,2 HDZ IEK",CLM40-055-400-3-120-HDZ,55х400х3000,55,400,3000,IEK,м,893.46,-,HDZ,3
#504020201004,"IEK_LT_Лоток лестничный HDZ_L=3000_t=1,2","Лоток лестничный LESTA 55х500х3000-1,2 HDZ IEK",CLM40-055-500-3-120-HDZ,55х500х3000,55,500,3000,IEK,м,1015.9125,-,HDZ,3
#504020201005,"IEK_LT_Лоток лестничный HDZ_L=3000_t=1,2","Лоток лестничный LESTA 55х600х3000-1,2 HDZ IEK",CLM40-055-600-3-120-HDZ,55х600х3000,55,600,3000,IEK,м,1118.04,-,HDZ,3
#504020201006,"IEK_LT_Лоток лестничный HDZ_L=3000_t=1,2","Лоток лестничный LESTA 80х200х3000-1,2 HDZ IEK",CLM40-080-200-3-120-HDZ,80х200х3000,80,200,3000,IEK,м,1029.015,-,HDZ,3
#504020201007,"IEK_LT_Лоток лестничный HDZ_L=3000_t=1,2","Лоток лестничный LESTA 80х300х3000-1,2 HDZ IEK",CLM40-080-300-3-120-HDZ,80х300х3000,80,300,3000,IEK,м,1078.035,-,HDZ,3
#504020201008,"IEK_LT_Лоток лестничный HDZ_L=3000_t=1,2","Лоток лестничный LESTA 80х400х3000-1,2 HDZ IEK",CLM40-080-400-3-120-HDZ,80х400х3000,80,400,3000,IEK,м,1127.025,-,HDZ,3
#504020201009,"IEK_LT_Лоток лестничный HDZ_L=3000_t=1,2","Лоток лестничный LESTA 80х500х3000-1,2 HDZ IEK",CLM40-080-500-3-120-HDZ,80х500х3000,80,500,3000,IEK,м,1211.295,-,HDZ,3
#504020201010,"IEK_LT_Лоток лестничный HDZ_L=3000_t=1,2","Лоток лестничный LESTA 80х600х3000-1,2 HDZ IEK",CLM40-080-600-3-120-HDZ,80х600х3000,80,600,3000,IEK,м,1312.2375,-,HDZ,3
#504020201011,"IEK_LT_Лоток лестничный HDZ_L=3000_t=1,2","Лоток лестничный LESTA 100х200х3000-1,2 HDZ IEK",CLM40-100-200-3-120-HDZ,100х200х3000,100,200,3000,IEK,м,1369.2225,-,HDZ,3
#504020201012,"IEK_LT_Лоток лестничный HDZ_L=3000_t=1,2","Лоток лестничный LESTA 100х300х3000-1,2 HDZ IEK",CLM40-100-300-3-120-HDZ,100х300х3000,100,300,3000,IEK,м,1429.6875,-,HDZ,3
#504020201013,"IEK_LT_Лоток лестничный HDZ_L=3000_t=1,2","Лоток лестничный LESTA 100х400х3000-1,2 HDZ IEK",CLM40-100-400-3-120-HDZ,100х400х3000,100,400,3000,IEK,м,1444.3275,-,HDZ,3
#504020201014,"IEK_LT_Лоток лестничный HDZ_L=3000_t=1,2","Лоток лестничный LESTA 100х500х3000-1,2 HDZ IEK",CLM40-100-500-3-120-HDZ,100х500х3000,100,500,3000,IEK,м,1524.765,-,HDZ,3
#504020201015,"IEK_LT_Лоток лестничный HDZ_L=3000_t=1,2","Лоток лестничный LESTA 100х600х3000-1,2 HDZ IEK",CLM40-100-600-3-120-HDZ,100х600х3000,100,600,3000,IEK,м,1547.3325,-,HDZ,3
#504020202001,"IEK_LT_Лоток лестничный HDZ_L=3000_t=1,5","Лоток лестничный LESTA 55х200х3000-1,5 HDZ IEK",CLM40-055-200-3-150-HDZ,55х200х3000,55,200,3000,IEK,м,849.1875,-,HDZ,3
#504020202002,"IEK_LT_Лоток лестничный HDZ_L=3000_t=1,5","Лоток лестничный LESTA 55х300х3000-1,5 HDZ IEK",CLM40-055-300-3-150-HDZ,55х300х3000,55,300,3000,IEK,м,910.53,-,HDZ,3
#504020202003,"IEK_LT_Лоток лестничный HDZ_L=3000_t=1,5","Лоток лестничный LESTA 55х400х3000-1,5 HDZ IEK",CLM40-055-400-3-150-HDZ,55х400х3000,55,400,3000,IEK,м,990.4425,-,HDZ,3
#504020202004,"IEK_LT_Лоток лестничный HDZ_L=3000_t=1,5","Лоток лестничный LESTA 55х500х3000-1,5 HDZ IEK",CLM40-055-500-3-150-HDZ,55х500х3000,55,500,3000,IEK,м,1155.225,-,HDZ,3
#504020202005,"IEK_LT_Лоток лестничный HDZ_L=3000_t=1,5","Лоток лестничный LESTA 55х600х3000-1,5 HDZ IEK",CLM40-055-600-3-150-HDZ,55х600х3000,55,600,3000,IEK,м,1304.3625,-,HDZ,3
#504020202006,"IEK_LT_Лоток лестничный HDZ_L=3000_t=1,5","Лоток лестничный LESTA 80х200х3000-1,5 HDZ IEK",CLM40-080-200-3-150-HDZ,80х200х3000,80,200,3000,IEK,м,1133.82,-,HDZ,3
#504020202007,"IEK_LT_Лоток лестничный HDZ_L=3000_t=1,5","Лоток лестничный LESTA 80х300х3000-1,5 HDZ IEK",CLM40-080-300-3-150-HDZ,80х300х3000,80,300,3000,IEK,м,1212.465,-,HDZ,3
#504020202008,"IEK_LT_Лоток лестничный HDZ_L=3000_t=1,5","Лоток лестничный LESTA 80х400х3000-1,5 HDZ IEK",CLM40-080-400-3-150-HDZ,80х400х3000,80,400,3000,IEK,м,1295.7825,-,HDZ,3
#504020202009,"IEK_LT_Лоток лестничный HDZ_L=3000_t=1,5","Лоток лестничный LESTA 80х500х3000-1,5 HDZ IEK",CLM40-080-500-3-150-HDZ,80х500х3000,80,500,3000,IEK,м,1388.355,-,HDZ,3
#504020202010,"IEK_LT_Лоток лестничный HDZ_L=3000_t=1,5","Лоток лестничный LESTA 80х600х3000-1,5 HDZ IEK",CLM40-080-600-3-150-HDZ,80х600х3000,80,600,3000,IEK,м,1543.53,-,HDZ,3
#504020202011,"IEK_LT_Лоток лестничный HDZ_L=3000_t=1,5","Лоток лестничный LESTA 100х200х3000-1,5 HDZ IEK",CLM40-100-200-3-150-HDZ,100х200х3000,100,200,3000,IEK,м,1524.495,-,HDZ,3
#504020202012,"IEK_LT_Лоток лестничный HDZ_L=3000_t=1,5","Лоток лестничный LESTA 100х300х3000-1,5 HDZ IEK",CLM40-100-300-3-150-HDZ,100х300х3000,100,300,3000,IEK,м,1633.3725,-,HDZ,3
#504020202013,"IEK_LT_Лоток лестничный HDZ_L=3000_t=1,5","Лоток лестничный LESTA 100х400х3000-1,5 HDZ IEK",CLM40-100-400-3-150-HDZ,100х400х3000,100,400,3000,IEK,м,1698.69,-,HDZ,3
#504020202014,"IEK_LT_Лоток лестничный HDZ_L=3000_t=1,5","Лоток лестничный LESTA 100х500х3000-1,5 HDZ IEK",CLM40-100-500-3-150-HDZ,100х500х3000,100,500,3000,IEK,м,1785.81,-,HDZ,3
#504020202015,"IEK_LT_Лоток лестничный HDZ_L=3000_t=1,5","Лоток лестничный LESTA 100х600х3000-1,5 HDZ IEK",CLM40-100-600-3-150-HDZ,100х600х3000,100,600,3000,IEK,м,1878.3975,-,HDZ,3
#504020202016,"IEK_LT_Лоток лестничный HDZ_L=3000_t=1,5","Лоток лестничный LESTA 150х200х3000-1,5 HDZ IEK",CLM40-150-200-3-150-HDZ,150х200х3000,150,200,3000,IEK,м,3081.21,-,HDZ,3
#504020202017,"IEK_LT_Лоток лестничный HDZ_L=3000_t=1,5","Лоток лестничный LESTA 150х300х3000-1,5 HDZ IEK",CLM40-150-300-3-150-HDZ,150х300х3000,150,300,3000,IEK,м,3390.06,-,HDZ,3
#504020202018,"IEK_LT_Лоток лестничный HDZ_L=3000_t=1,5","Лоток лестничный LESTA 150х400х3000-1,5 HDZ IEK",CLM40-150-400-3-150-HDZ,150х400х3000,150,400,3000,IEK,м,4006.2975,-,HDZ,3
#504020202019,"IEK_LT_Лоток лестничный HDZ_L=3000_t=1,5","Лоток лестничный LESTA 150х500х3000-1,5 HDZ IEK",CLM40-150-500-3-150-HDZ,150х500х3000,150,500,3000,IEK,м,4160.055,-,HDZ,3
#504020202020,"IEK_LT_Лоток лестничный HDZ_L=3000_t=1,5","Лоток лестничный LESTA 150х600х3000-1,5 HDZ IEK",CLM40-150-600-3-150-HDZ,150х600х3000,150,600,3000,IEK,м,5428.83,-,HDZ,3
#504020102021,"IEK_LT_Лоток лестничный DEFAULT_L=6000_t=1,5","Лоток лестничный LESTA 55х200х6000-1,5 IEK",CLM40-055-200-6-150,55х200х3000,55,200,3000,IEK,м,600.375,-,OS,6
#504020102022,"IEK_LT_Лоток лестничный DEFAULT_L=6000_t=1,5","Лоток лестничный LESTA 55х300х6000-1,5 IEK",CLM40-055-300-6-150,55х300х3000,55,300,3000,IEK,м,626.43,-,OS,6
#504020102023,"IEK_LT_Лоток лестничный DEFAULT_L=6000_t=1,5","Лоток лестничный LESTA 55х400х6000-1,5 IEK",CLM40-055-400-6-150,55х400х3000,55,400,3000,IEK,м,675.7725,-,OS,6
#504020102024,"IEK_LT_Лоток лестничный DEFAULT_L=6000_t=1,5","Лоток лестничный LESTA 55х500х6000-1,5 IEK",CLM40-055-500-6-150,55х500х3000,55,500,3000,IEK,м,764.6325,-,OS,6
#504020102025,"IEK_LT_Лоток лестничный DEFAULT_L=6000_t=1,5","Лоток лестничный LESTA 55х600х6000-1,5 IEK",CLM40-055-600-6-150,55х600х3000,55,600,3000,IEK,м,821.925,-,OS,6
#504020102026,"IEK_LT_Лоток лестничный DEFAULT_L=6000_t=1,5","Лоток лестничный LESTA 80х200х6000-1,5 IEK",CLM40-080-200-6-150,80х200х3000,80,200,3000,IEK,м,840.525,-,OS,6
#504020102027,"IEK_LT_Лоток лестничный DEFAULT_L=6000_t=1,5","Лоток лестничный LESTA 80х300х6000-1,5 IEK",CLM40-080-300-6-150,80х300х3000,80,300,3000,IEK,м,856.065,-,OS,6
#504020102028,"IEK_LT_Лоток лестничный DEFAULT_L=6000_t=1,5","Лоток лестничный LESTA 80х400х6000-1,5 IEK",CLM40-080-400-6-150,80х400х3000,80,400,3000,IEK,м,914.8575,-,OS,6
#504020102029,"IEK_LT_Лоток лестничный DEFAULT_L=6000_t=1,5","Лоток лестничный LESTA 80х500х6000-1,5 IEK",CLM40-080-500-6-150,80х500х3000,80,500,3000,IEK,м,980.205,-,OS,6
#504020102030,"IEK_LT_Лоток лестничный DEFAULT_L=6000_t=1,5","Лоток лестничный LESTA 80х600х6000-1,5 IEK",CLM40-080-600-6-150,80х600х3000,80,600,3000,IEK,м,1029.21,-,OS,6
#504020102031,"IEK_LT_Лоток лестничный DEFAULT_L=6000_t=1,5","Лоток лестничный LESTA 100х200х6000-1,5 IEK",CLM40-100-200-6-150,100х200х3000,100,200,3000,IEK,м,960.6,-,OS,6
#504020102032,"IEK_LT_Лоток лестничный DEFAULT_L=6000_t=1,5","Лоток лестничный LESTA 100х300х6000-1,5 IEK",CLM40-100-300-6-150,100х300х3000,100,300,3000,IEK,м,1029.21,-,OS,6
#504020102033,"IEK_LT_Лоток лестничный DEFAULT_L=6000_t=1,5","Лоток лестничный LESTA 100х400х6000-1,5 IEK",CLM40-100-400-6-150,100х400х3000,100,400,3000,IEK,м,1070.385,-,OS,6
#504020102034,"IEK_LT_Лоток лестничный DEFAULT_L=6000_t=1,5","Лоток лестничный LESTA 100х500х6000-1,5 IEK",CLM40-100-500-6-150,100х500х3000,100,500,3000,IEK,м,1125.27,-,OS,6
#504020102035,"IEK_LT_Лоток лестничный DEFAULT_L=6000_t=1,5","Лоток лестничный LESTA 100х600х6000-1,5 IEK",CLM40-100-600-6-150,100х600х3000,100,600,3000,IEK,м,1183.59,-,OS,6
#504020102036,"IEK_LT_Лоток лестничный DEFAULT_L=6000_t=1,5","Лоток лестничный LESTA 150х200х6000-1,5 IEK",CLM40-150-200-6-150,150х200х3000,150,200,3000,IEK,м,2511.5025,-,OS,6
#504020102037,"IEK_LT_Лоток лестничный DEFAULT_L=6000_t=1,5","Лоток лестничный LESTA 150х300х6000-1,5 IEK",CLM40-150-300-6-150,150х300х3000,150,300,3000,IEK,м,2690.865,-,OS,6
#504020102038,"IEK_LT_Лоток лестничный DEFAULT_L=6000_t=1,5","Лоток лестничный LESTA 150х400х6000-1,5 IEK",CLM40-150-400-6-150,150х400х3000,150,400,3000,IEK,м,2870.265,-,OS,6
#504020102039,"IEK_LT_Лоток лестничный DEFAULT_L=6000_t=1,5","Лоток лестничный LESTA 150х500х6000-1,5 IEK",CLM40-150-500-6-150,150х500х3000,150,500,3000,IEK,м,3049.6575,-,OS,6
#504020102040,"IEK_LT_Лоток лестничный DEFAULT_L=6000_t=1,5","Лоток лестничный LESTA 150х600х6000-1,5 IEK",CLM40-150-600-6-150,150х600х3000,150,600,3000,IEK,м,3229.0725,-,OS,6
#504020202021,"IEK_LT_Лоток лестничный HDZ_L=6000_t=1,5","Лоток лестничный LESTA 55х200х6000-1,5 HDZ IEK",CLM40-055-200-6-150-HDZ,55х200х3000,55,200,3000,IEK,м,849.1875,-,HDZ,6
#504020202022,"IEK_LT_Лоток лестничный HDZ_L=6000_t=1,5","Лоток лестничный LESTA 55х300х6000-1,5 HDZ IEK",CLM40-055-300-6-150-HDZ,55х300х3000,55,300,3000,IEK,м,910.53,-,HDZ,6
#504020202023,"IEK_LT_Лоток лестничный HDZ_L=6000_t=1,5","Лоток лестничный LESTA 55х400х6000-1,5 HDZ IEK",CLM40-055-400-6-150-HDZ,55х400х3000,55,400,3000,IEK,м,990.4425,-,HDZ,6
#504020202024,"IEK_LT_Лоток лестничный HDZ_L=6000_t=1,5","Лоток лестничный LESTA 55х500х6000-1,5 HDZ IEK",CLM40-055-500-6-150-HDZ,55х500х3000,55,500,3000,IEK,м,1155.225,-,HDZ,6
#504020202025,"IEK_LT_Лоток лестничный HDZ_L=6000_t=1,5","Лоток лестничный LESTA 55х600х6000-1,5 HDZ IEK",CLM40-055-600-6-150-HDZ,55х600х3000,55,600,3000,IEK,м,1304.3625,-,HDZ,6
#504020202026,"IEK_LT_Лоток лестничный HDZ_L=6000_t=1,5","Лоток лестничный LESTA 80х200х6000-1,5 HDZ IEK",CLM40-080-200-6-150-HDZ,80х200х3000,80,200,3000,IEK,м,1133.82,-,HDZ,6
#504020202027,"IEK_LT_Лоток лестничный HDZ_L=6000_t=1,5","Лоток лестничный LESTA 80х300х6000-1,5 HDZ IEK",CLM40-080-300-6-150-HDZ,80х300х3000,80,300,3000,IEK,м,1212.465,-,HDZ,6
#504020202028,"IEK_LT_Лоток лестничный HDZ_L=6000_t=1,5","Лоток лестничный LESTA 80х400х6000-1,5 HDZ IEK",CLM40-080-400-6-150-HDZ,80х400х3000,80,400,3000,IEK,м,1295.7825,-,HDZ,6
#504020202029,"IEK_LT_Лоток лестничный HDZ_L=6000_t=1,5","Лоток лестничный LESTA 80х500х6000-1,5 HDZ IEK",CLM40-080-500-6-150-HDZ,80х500х3000,80,500,3000,IEK,м,1388.355,-,HDZ,6
#504020202030,"IEK_LT_Лоток лестничный HDZ_L=6000_t=1,5","Лоток лестничный LESTA 80х600х6000-1,5 HDZ IEK",CLM40-080-600-6-150-HDZ,80х600х3000,80,600,3000,IEK,м,1543.53,-,HDZ,6
#504020202031,"IEK_LT_Лоток лестничный HDZ_L=6000_t=1,5","Лоток лестничный LESTA 100х200х6000-1,5 HDZ IEK",CLM40-100-200-6-150-HDZ,100х200х3000,100,200,3000,IEK,м,1524.495,-,HDZ,6
#504020202032,"IEK_LT_Лоток лестничный HDZ_L=6000_t=1,5","Лоток лестничный LESTA 100х300х6000-1,5 HDZ IEK",CLM40-100-300-6-150-HDZ,100х300х3000,100,300,3000,IEK,м,1633.3725,-,HDZ,6
#504020202033,"IEK_LT_Лоток лестничный HDZ_L=6000_t=1,5","Лоток лестничный LESTA 100х400х6000-1,5 HDZ IEK",CLM40-100-400-6-150-HDZ,100х400х3000,100,400,3000,IEK,м,1698.69,-,HDZ,6
#504020202034,"IEK_LT_Лоток лестничный HDZ_L=6000_t=1,5","Лоток лестничный LESTA 100х500х6000-1,5 HDZ IEK",CLM40-100-500-6-150-HDZ,100х500х3000,100,500,3000,IEK,м,1785.81,-,HDZ,6
#504020202035,"IEK_LT_Лоток лестничный HDZ_L=6000_t=1,5","Лоток лестничный LESTA 100х600х6000-1,5 HDZ IEK",CLM40-100-600-6-150-HDZ,100х600х3000,100,600,3000,IEK,м,1878.3975,-,HDZ,6
#504020202036,"IEK_LT_Лоток лестничный HDZ_L=6000_t=1,5","Лоток лестничный LESTA 150х200х6000-1,5 HDZ IEK",CLM40-150-200-6-150-HDZ,150х200х3000,150,200,3000,IEK,м,3081.21,-,HDZ,6
#504020202037,"IEK_LT_Лоток лестничный HDZ_L=6000_t=1,5","Лоток лестничный LESTA 150х300х6000-1,5 HDZ IEK",CLM40-150-300-6-150-HDZ,150х300х3000,150,300,3000,IEK,м,3390.06,-,HDZ,6
#504020202038,"IEK_LT_Лоток лестничный HDZ_L=6000_t=1,5","Лоток лестничный LESTA 150х400х6000-1,5 HDZ IEK",CLM40-150-400-6-150-HDZ,150х400х3000,150,400,3000,IEK,м,4006.2975,-,HDZ,6
#504020202039,"IEK_LT_Лоток лестничный HDZ_L=6000_t=1,5","Лоток лестничный LESTA 150х500х6000-1,5 HDZ IEK",CLM40-150-500-6-150-HDZ,150х500х3000,150,500,3000,IEK,м,4160.055,-,HDZ,6
#504020202040,"IEK_LT_Лоток лестничный HDZ_L=6000_t=1,5","Лоток лестничный LESTA 150х600х6000-1,5 HDZ IEK",CLM40-150-600-6-150-HDZ,150х600х3000,150,600,3000,IEK,м,5428.83,-,HDZ,6
